-0.32206922,0.88954749,0.37030222,0.54669986,0.77222806,1.36351775,1.48826086,1.82035646,2.06681188,2.19308911,2.69325246,3.48864713,3.42471853,3.08289190,3.21387737,4.42137138,4.75994395,4.53466928,4.51764883,4.83046059,6.67369366,6.64416445,6.75159144,6.59282727,6.70218272,6.77969848,6.24484201,6.71111643,6.99387298,6.81648403,-0.04385293,-0.07065798,0.75067688,0.13632776,-0.11092558,-0.13712258,0.12517634,-0.05268191,0.15452829,0.23910403,0.52306401,0.25553373,-0.25605648,-0.06699541,0.29000931,-0.09316190,-0.14797980,0.04497194,0.08932047,0.15483819,0.18803552,0.22373358,-0.05213737,0.47641137,-0.22138291,-0.06493829,-0.44105989,-0.12851862,0.13350745,0.46471561,-0.22193591,-0.19275429,-0.02086688,-0.25003959,0.31667883,-0.60998006,-0.18041630,-0.28179604,-0.26755929,0.29194993,-0.08485098,-0.31751477,-0.26736385,-0.07141825,-0.04712109,-0.19784396,0.15607821,-0.13502627,0.28813954,0.19335828,-0.05591143,-0.17753199,-0.26015334,-0.08903099,0.14061553,-0.22033982,0.08914843,0.03279201,-0.14872710,-0.81923729,0.10133886,0.28812820,-0.03534329,0.25778108,-0.00124926,-0.38118833,-0.19398763,0.58692120,0.12203260,0.03147514
0.14303603,0.54220941,0.63004325,1.40610197,2.41415601,3.26128751,3.25577050,3.35919852,4.18045898,5.45150479,4.81465687,5.64653807,5.80970168,6.95303635,7.31082111,7.60280714,8.30338478,9.22766595,9.27537892,9.75123515,0.92294305,1.37510582,1.51197496,0.98225415,1.29066055,1.35682761,2.00075743,0.80626633,0.85398100,0.65796240,0.92028698,0.62953149,0.72733725,-0.39584585,0.47184455,-0.28805902,0.22561669,-0.22248675,0.16442412,0.22750091,0.18684512,-0.08992842,0.50086382,-0.01458714,0.03652882,0.03480732,-0.25713717,0.31738801,-0.12020517,0.24196836,0.12703510,-0.08784688,0.03441915,0.64929856,0.94332341,0.09859740,0.37776743,0.38298298,0.14492630,0.32181467,-0.28085213,-0.24319158,-0.29743144,-0.09015748,0.65969056,-0.15696005,0.13143130,0.23966880,-0.40070259,-0.11013875,0.01428172,-0.38263682,-0.36542704,0.34007594,-0.16200963,0.52389428,-0.03002509,-0.43677362,-0.00280945,-0.15716970,-0.16279717,0.14966449,-0.14513942,0.01282165,-0.06325454,-0.06887814,-0.28257537,0.04102214,-0.05903639,-0.13284851,0.00905379,-0.29851162,-0.22249250,-0.43237315,0.09303966,-0.47229883,-0.14958763,-0.44325426,0.19590105,0.48036957
0.63197040,0.15412387,1.15849630,1.89628546,1.36880355,2.53471693,4.14296219,3.99467307,4.45653005,5.71720917,5.64052119,6.43196581,6.08731948,7.52012208,8.49612579,8.53133977,9.13135961,9.89712063,10.41732314,10.89581304,2.94466079,2.71072091,2.72047654,2.72933530,3.44940837,3.15954019,3.26775813,2.71305969,2.61189985,2.92657309,2.52235411,1.81557799,1.43015260,2.14136796,1.58387148,1.50223541,1.14056796,1.29503013,0.80374284,0.58226210,0.94960236,0.74814300,0.38281288,0.28728675,0.32927318,0.56896895,1.06665854,0.60322560,0.53508969,0.28679144,0.02460206,0.04568867,0.69377067,0.50103471,0.75745198,1.00864023,0.54082774,0.48179718,0.35588335,0.77137572,0.26794693,0.09309088,0.16637879,-0.30718212,-0.61406266,0.02809247,-0.03844203,-0.64133801,0.96771741,-0.00919864,-0.55607050,-0.08071295,0.14712780,-0.20943880,0.14388372,0.45531380,0.03451605,0.48092348,-0.21919607,-0.42557748,-0.16223167,0.85684380,-0.17774030,0.59152817,-0.35819956,0.09572969,-0.03235254,0.18449895,-0.10367409,0.47835109,-0.59046748,-0.19129679,0.70589192,0.35698047,-0.16813975,0.12503267,-0.10906341,0.42814309,0.27534688,-0.32890322
-0.05527945,0.24262381,0.54204083,0.67094846,1.09745094,1.04187974,1.54339467,1.58492894,1.48899253,2.19312842,2.11952145,2.67525524,2.34571269,3.18297655,2.46183561,3.41876124,3.93652727,3.22012362,3.84632065,4.89900220,3.89073885,3.46375738,4.04205234,3.89447300,4.16372343,4.16857823,3.86407551,3.49867393,3.90570939,3.41897889,2.74808902,2.45748800,2.21141434,0.98090021,2.04541781,1.63686257,1.19022525,1.22661391,1.68084671,1.16472056,0.90924231,1.28652302,0.49630254,1.33564308,0.59143109,1.34959193,0.40345780,0.31689483,0.96738563,0.55310754,-0.01902964,0.92926281,0.00065250,0.86096440,1.10621624,1.33573997,1.12437706,1.07179485,0.94734807,1.10659854,0.99740611,0.15696487,0.38507420,-0.54077646,-0.35304258,-0.14671939,-0.26850700,-0.30394527,0.31359733,-0.74879444,-0.42033853,-0.42169544,0.07032886,-0.21046087,0.22085508,-0.43002389,-0.32415909,-0.44685417,-0.28691089,-0.02911462,0.20851691,0.27038143,0.50308884,0.49591915,-0.37995372,0.36342448,0.55585853,-0.22477828,-0.38953687,-0.06199601,-0.21321459,-0.24565056,0.16858433,-0.09638860,-0.28046783,-0.22002692,-0.17739691,0.37008027,-0.14962437,-0.31743863
0.24305351,-0.05027157,-0.08486344,0.31414120,1.09900301,1.23709836,1.78137891,1.99535404,1.48001065,2.24780704,2.32147583,2.84706995,2.90276472,3.20440490,3.67464260,4.34254267,4.41516621,4.22088884,4.26710603,4.62554532,2.86721802,2.68486019,2.68148255,2.78494946,2.70737805,2.91330273,2.88805287,2.48938616,2.45336989,2.80114135,2.62922615,2.57413428,2.85649705,2.22739491,1.97364839,1.82502523,1.39373752,1.85536280,1.14333377,1.10042067,1.27098801,0.33056327,0.82257306,0.48051004,0.81296406,0.89820820,0.61126737,1.14822532,0.50072932,0.22943890,0.11714962,0.15515383,0.08384060,0.60813102,0.28982461,0.64399147,0.42755631,0.07088108,0.01456609,0.29247124,-0.36142430,0.46749018,0.58135939,-0.02788965,0.15261677,-0.25457303,-0.01752254,0.50985906,-0.39221961,0.16803463,-0.20840993,0.05296069,-0.25096980,-0.15626435,-0.52329903,-0.46805792,0.18935611,-0.13280492,0.41612728,0.51462000,0.02001080,-0.01604749,-0.28373697,0.01723676,0.25299573,-0.23314842,0.38631277,-0.47788062,0.12634619,0.58313474,-0.17770892,0.41750336,-0.35945789,0.02780654,-0.18582155,-0.09427681,-0.54480447,0.14971375,-0.30691779,-0.04857285
-0.47677745,-0.08270085,0.70620377,1.18590239,1.84787753,2.29968750,2.49863755,3.38379301,4.00908794,4.38549639,4.27974128,5.25465087,6.17826277,5.87266894,6.49930082,6.65118073,7.79491343,7.52005388,8.33929789,9.24888593,6.82741494,6.66700700,7.03372194,6.98752870,6.62884204,6.92049292,7.33753587,7.11833617,7.45110911,6.76437009,2.28273043,2.19091832,1.29175042,1.61339082,1.41279925,1.06116974,1.35603323,0.80742962,0.87530749,1.19546704,1.09053574,0.71336933,0.80855850,0.78998244,0.60049787,0.50718427,0.30228614,0.53368979,0.55636124,0.52469304,-0.47270672,0.50760319,0.57186348,-0.19478312,-0.00124302,0.23866078,-0.18505175,-0.05519512,-0.05158527,0.17724802,-0.34413374,-0.00128521,-0.10772897,0.57617721,-0.21359690,-0.25980381,-0.84280348,0.19935051,0.72490815,0.17231064,-0.32803779,0.15598702,-0.16224976,-0.18373429,0.20737644,0.15316715,0.15053149,0.01923232,0.32974613,-0.10866575,-0.26976508,-0.05512050,-0.14799541,0.28331773,-0.05250144,-0.36133801,-0.04934601,-0.01606622,0.04211314,-0.02114420,-0.27161942,-0.12468533,0.14928407,-0.16241178,-0.19476101,-0.21750281,0.03699938,0.13285117,-0.04610847,-0.41267415
-0.24926702,0.08624970,0.36115050,0.11359798,0.88386428,1.10140101,1.23756426,1.40971595,1.27717595,1.00762905,1.04393367,2.08161763,1.67784978,2.18124046,2.56045848,2.11991810,1.60658997,3.17642870,2.91261477,3.04120257,2.45909015,2.60227225,2.42027446,2.17320712,2.61213085,2.48579353,2.22943257,2.02137253,2.31944915,2.68001277,2.00718505,2.35768243,1.50356436,1.61950926,1.66255023,1.13635324,0.99966919,0.84851661,0.83630340,0.23171824,0.70248651,1.04239947,0.45834718,0.11453374,0.40945674,0.05897494,0.38186563,0.91465053,0.84018283,0.68685791,0.00663540,0.52011475,0.58832058,0.55767277,1.01331849,0.57440886,0.59208949,0.42607679,0.24345036,0.43031550,-0.23040359,-0.00092962,-0.06041268,-0.01256956,0.32531584,0.24371779,0.06461668,0.42430315,-0.41706342,0.12634971,-0.11339869,0.02687689,-0.40021623,-0.35160149,-0.29606624,0.08387678,-0.38462544,0.15320461,0.15558317,0.20101946,-0.08484218,0.01379730,-0.14450426,-0.11489290,0.06084052,-0.14459252,0.22707491,-0.08352305,-0.42395522,0.13509063,-0.40698390,-0.23999743,-0.02211870,0.22617960,0.27000391,0.12293477,0.24448604,-0.31177838,-0.50625483,-0.08574427
-0.26472289,0.50490023,0.49082502,0.89010610,1.13718813,1.52829391,1.81930614,2.07449616,2.62152134,2.95248843,2.81581693,2.68961371,3.56725239,3.79134602,4.26958706,4.09137279,4.51761753,5.56486905,5.56036992,5.59828905,7.45154942,7.53406231,7.26946082,7.47623637,7.46547952,7.77151313,7.30925758,7.39376597,7.81647126,7.96359740,2.82315864,2.66870692,2.46426698,2.43415238,2.35787265,1.86871856,1.58620824,2.11404713,1.39041626,0.96826060,0.93436900,1.37988308,0.94441379,0.89813100,0.39018987,1.05828819,0.36079077,1.03075177,0.49081030,0.98057272,0.45343612,0.64215090,0.55281887,0.57044333,0.99209640,1.40096242,0.78344401,0.99863999,0.40308625,0.43457430,0.84194328,0.65956225,-0.37274614,0.63475850,-0.68235789,-0.50831668,-0.34473554,-0.51237874,-0.78758464,-0.27788787,0.31010855,-0.23925238,0.01864190,-0.57718672,0.01710917,-0.15842954,-0.43354674,0.08598739,-0.11371088,-0.19193280,0.12292833,0.08012123,0.25708931,-0.40972695,0.28368183,0.23883535,0.16992076,0.40037612,-0.34785019,0.14901044,-0.26411866,0.06860650,-0.17210198,-0.12791991,0.23849741,-0.09284103,-0.28199622,-0.08511153,-0.21140055,-0.23890560
0.25224335,0.16383513,0.04330702,-0.24795793,0.10432016,0.58281589,0.30514205,1.05042046,0.50844680,0.71134559,0.52256024,0.49276757,0.89796483,0.34086204,0.33956491,0.97129721,0.58559446,0.58111387,1.25344103,0.68138856,2.00811948,1.84435484,1.20817454,1.41749481,1.17143415,1.98706220,1.10287353,1.41509068,1.00587943,1.92769931,3.57501680,2.34925187,2.08496057,1.59530573,1.87843480,2.14735773,1.45316814,1.87201021,1.58886340,1.72644577,0.89258933,0.78138394,0.77873186,1.12723732,0.40564971,1.18037988,0.57711137,0.63146314,0.50539403,-0.40151931,-0.19096141,-0.04749078,0.46546847,-0.15543978,0.55388448,0.27711790,-0.52625789,0.22251378,0.35351267,0.25368725,0.08027831,-0.00349589,-0.32766964,0.13144944,0.33725983,-0.56938857,0.11705914,-0.23078231,0.06701967,-0.64100080,0.21167376,-0.12039182,-0.06999058,-0.41474606,0.15666311,-0.00808619,-0.06653448,0.01284048,-0.25990822,0.51189647,0.47533618,0.36013502,0.16170255,0.55663153,0.09605209,0.04892111,0.13248263,-0.37120960,0.04885848,-0.43681260,0.05792132,-0.08824174,0.07779693,0.23961826,-0.24400341,-0.32780462,0.54447346,0.35266110,-0.28264931,-0.21092795
-0.41886997,0.01502547,1.03702847,2.58401974,2.68977835,3.23785930,3.79200122,4.47296834,4.31975261,5.52720557,6.12382370,6.87533142,7.27174709,8.17557965,8.25493360,9.08955281,9.17673651,9.97251360,11.26230849,11.75547757,0.65032235,1.23692021,1.18519745,1.84869665,0.92160582,1.05305769,0.90275282,1.20842373,0.86046414,1.01495184,1.35886282,1.46611408,1.65589534,0.97765010,0.55276442,0.67914437,0.75060320,0.38575519,0.52811923,0.61040953,0.27300933,-0.28219029,0.47712398,0.73078642,-0.09467580,0.38603262,0.65065595,0.32961904,-0.09497462,0.62769035,-0.63208965,-0.03626388,0.82144991,0.68737537,0.92781153,0.97109536,1.09282534,0.67856441,0.94003553,0.47263806,0.60740531,0.67431005,0.03531717,0.25464576,-0.36129900,0.14792380,0.26422984,0.00761381,0.38124156,0.13604483,-0.55200168,-0.19548479,-0.20469698,-0.36565812,-0.35062581,0.29867005,-0.03909960,-0.05536962,0.48898207,0.68647415,0.34552623,0.21215683,0.38560080,0.04134835,-0.05518862,0.48423931,0.07104419,-0.19915960,-0.30346944,-0.17734009,0.11349525,-0.37389615,-0.61494100,-0.09701073,0.21668972,-0.13393827,0.39087808,0.84523952,-0.56424768,-0.03717319
0.76308548,0.39917551,1.48153869,1.47289447,1.55416544,1.48292391,1.70569583,2.55614505,2.62516272,3.04767317,3.11333644,3.90107400,3.71870171,4.14540560,4.45885690,5.43769608,6.02342392,6.35345999,6.64082943,7.20855570,3.21054810,2.26422750,2.84492588,3.21068052,3.05869983,2.97106089,3.20922079,3.10910669,2.85776185,2.88399526,3.71544188,3.05260171,2.66740396,2.27358621,2.11244132,2.03073578,1.80083162,1.25675191,0.95051192,1.44088762,1.37359331,1.19457333,0.94101173,0.40401077,1.21567321,0.73603974,1.01389148,0.36391791,0.50000198,0.22176783,-0.23381653,0.05278905,0.30396784,-0.17464929,-0.34779936,-0.20778174,0.42213443,-0.15594853,-0.43978423,-0.33987605,0.47541547,0.65719345,0.24224887,0.22990382,0.06483076,-0.27701418,-0.53642999,-0.16423544,0.27743726,-0.44272055,-0.22200637,0.26296330,-0.36629887,-0.29841522,-0.49440362,0.11939598,0.03856271,-0.04565448,0.53698401,-0.14646029,-0.40094072,0.72237916,-0.13285899,-0.32791021,0.47832126,-0.05944278,0.05252377,-0.01349170,-0.09328163,-0.13151152,0.29663480,0.01426797,-0.22757992,0.17737735,-0.26148303,0.55951694,-0.17140263,-0.30070566,-0.17328255,-0.35418747
0.24589068,0.73346381,1.16270860,1.80392055,2.69812321,2.33591134,3.77733871,4.39327736,4.25781169,5.30622088,6.08399979,6.60631635,7.13468255,8.05768007,8.76282764,8.64206972,10.09974902,10.12214369,11.15313715,11.53386042,0.72876341,0.69596705,0.82764796,0.54720866,0.17008688,0.73878835,0.42438234,-0.07431457,0.45445475,0.49671573,3.25079422,3.22010758,2.53333746,2.32519065,2.29498221,1.89780575,1.82412790,1.93335270,1.62265136,1.48367617,0.72458380,1.03471741,1.17696971,0.93322698,1.17972654,0.79013066,1.30408379,0.46200127,-0.06783448,0.49987958,0.22979178,0.54793166,1.03571429,0.69920390,0.89172940,0.81825713,1.25799170,0.52241536,0.49792493,0.80977935,0.22565373,0.04586954,-0.05092132,-0.21310925,-0.14344329,0.17526216,0.08011490,-0.41443685,-0.01042860,-0.98786857,0.22439039,-0.45371848,-0.24549919,0.08873148,0.14942845,-0.03954993,0.26442786,0.33814046,0.07675761,-0.13655670,-0.50164441,-0.73066523,0.30186288,-0.34001240,0.41191026,-0.06376097,-0.18258969,0.35926102,0.13713805,0.19495486,-0.01342384,0.23054799,0.14114013,0.43493439,-0.08710574,0.56805876,0.18693687,0.23215844,0.26275732,0.08023662
-0.05808340,0.97698178,0.67598438,1.38801167,1.25344238,2.56226072,2.83021897,2.59757069,3.36671886,3.44681819,3.84025668,4.25738029,4.92614522,4.89092818,6.23458248,5.43017323,6.24176365,6.92513514,7.66617443,8.06164529,3.82455638,4.04412824,3.36153023,3.19122748,4.16025318,3.81178472,3.75916897,3.67703582,3.19275288,4.12264346,2.73638598,2.69481111,2.11204294,2.41865643,1.95253540,1.00581854,1.74559661,1.48573808,1.46249742,1.35468369,0.84996836,1.59047626,0.55502443,0.97111963,1.09150494,1.05604741,0.85695923,0.36786274,0.63903788,1.04802915,0.02926228,0.17265972,0.75877952,0.71590560,0.49184467,-0.39143768,0.26162400,0.36097018,0.35881890,0.03908885,-0.12879197,0.21152056,-0.04435185,0.02602017,-0.50739539,0.44479250,-0.08304152,-0.24207423,-0.04407188,-0.15442353,-0.17961715,-0.00473543,-0.06169250,-0.45579383,-0.10304892,0.02865136,-0.24982575,0.16017319,-0.20747328,-0.19292314,0.01884105,0.02515029,-0.19247295,-0.18852192,-0.33023899,0.20169884,0.15283951,0.39271836,-0.00328961,0.36436734,-0.13121714,-0.25288721,0.31597324,0.59815122,0.65509296,0.05965600,-0.46173807,0.09862622,0.45357161,0.23654457
0.34916386,0.72126051,0.25792382,0.58622598,0.45775953,1.17696159,0.87875889,1.10773109,1.56149997,1.44365023,1.45750996,2.09443875,2.09654015,2.47255900,2.50849849,3.39688456,3.36597727,3.81890562,3.63429356,3.53633476,7.37225761,6.64042200,6.47897772,6.69795286,7.00769210,7.06321572,6.46635953,7.31870463,6.72639976,6.76613539,2.42250960,2.70605168,1.58670355,2.33742751,1.40535300,1.13308486,0.86793265,1.02717714,0.96763516,0.98346869,1.16362718,1.59943751,0.59007484,0.19056419,0.32792358,0.34813579,0.30563728,0.69408850,0.76542407,-0.04555256,0.18951272,0.75583504,0.11068768,0.21667542,0.98548654,0.49461152,1.00643076,0.52497824,0.59567271,0.90442821,0.60357868,0.52253697,-0.25719270,-0.56145229,-0.16177437,0.12113953,-0.16041264,0.31481380,-0.51758442,-0.41709774,-0.30180352,-0.24233473,-0.10863352,0.22331909,-0.55500516,0.23445224,-0.10632050,0.09039849,0.20986444,0.46797450,0.09666253,0.29350097,-0.42074063,-0.06385326,-0.48432837,0.44946396,-0.06063179,0.30733662,-0.19498887,0.54067979,0.17088245,-0.03389089,0.45732119,-0.00685835,-0.21229022,0.06127208,-0.42083468,0.00370236,-0.06092346,0.13902998
0.14813832,1.06982982,0.36974267,1.53662351,1.59830232,1.88944547,2.23459541,2.33751837,3.30973926,3.99013515,3.94976648,4.65424845,6.39439814,5.71178905,6.01135957,6.35452530,6.88223311,6.95299173,7.78891500,8.11677172,-0.62164502,-0.06512100,0.80380431,0.15645214,-0.26865051,0.35649189,0.32049557,0.17679817,0.20682576,0.30248428,0.87809443,0.34625153,0.22436997,0.34817545,0.76380219,0.98719967,-0.53526777,0.41360339,-0.02804723,0.12394830,0.79856103,0.10975067,-0.01411543,-0.24347760,-0.03739936,0.05792461,0.21536266,0.15278005,-0.25992762,-0.41588400,0.73009681,0.26142973,0.82806615,0.80238820,1.06651291,0.39229584,0.56585629,1.26203547,0.39633579,0.85801871,0.39154009,0.00099018,-0.47873775,0.27080810,0.29046971,0.17086590,-0.76310216,-0.55296757,-0.29656574,-0.02079107,0.04689989,-0.15749585,-0.31809293,-0.26244461,0.15525077,-0.05177533,0.02301021,0.20931145,0.00896901,-0.36115212,-0.03960470,-0.18288650,0.00908904,0.07105634,-0.42051474,-0.42899266,-0.10693897,0.40652043,0.31610617,-0.17696129,-0.06204943,0.45471159,-0.09057414,-0.58159662,-0.19670697,-0.16247052,-0.05305504,0.23809622,-0.22612293,-0.24612798
-0.44902609,0.35228353,0.77782247,0.99768596,1.56893502,2.19281105,2.36929672,3.27264667,2.91571483,3.70279499,4.55184059,4.62537961,4.62125282,5.35181973,5.61312544,6.31446519,6.54001398,6.81072234,7.16648692,7.24421699,6.65336797,7.42078560,7.12443857,7.00207965,7.47243175,7.09747062,7.14652930,6.91075666,7.36046514,7.10426111,3.12534709,2.99467122,2.83565600,2.68831471,2.02835673,2.34369444,2.18508677,1.66414235,1.70643724,1.64877357,1.12630765,0.59270281,1.03388149,0.59240729,0.72651241,0.97148883,0.85928240,0.19822967,0.40242990,-0.23502083,0.19887502,0.13321624,0.27509797,-0.52356556,-0.46926930,0.46781818,0.36842583,-0.69206791,0.17002517,-0.34670658,-0.74415743,0.10863782,0.32239504,0.31062141,0.22229334,-0.24028499,-0.23723999,0.31514094,-0.25874679,-0.61587765,0.05244765,-0.00578528,-0.25504946,-0.35991432,0.44299997,0.38106397,-0.09029718,-0.31270516,0.00019797,-0.12843125,0.00552946,-0.07696094,0.06297032,-0.22203108,0.00500229,0.07545000,0.01202117,-0.20560072,0.11314746,-0.03869555,0.63966595,0.00802582,-0.05053594,-0.42553771,-0.06848390,-0.02063442,-0.16429230,0.21752176,-0.27973003,0.16130563
0.30046838,0.31282466,1.55360428,1.64071110,1.84662059,1.64793625,2.73185647,2.68816856,3.11679959,3.73393348,4.10203161,4.38229691,4.85049700,5.31946038,6.11962735,6.57758989,6.58312532,7.30877682,7.48673125,7.91412445,3.68438848,3.99041276,3.19836376,3.83078018,3.73384637,3.79831497,4.18725173,3.79619663,3.57138275,3.94732281,1.87807190,1.66570883,1.72688691,1.67487858,1.22353630,1.02041549,1.32816597,0.81716511,0.71259074,1.35186237,1.09765336,0.60692545,0.82088010,0.31287164,1.36798805,0.25871834,-0.44304214,-0.24336327,0.77707120,0.62408394,0.45742972,0.23978127,1.15085651,0.88863048,1.55554134,0.74742296,1.09125335,1.04047980,0.92573112,0.61316220,-0.15733066,0.15672572,-0.16748639,-0.62983128,0.39455168,-0.66407517,-0.04847499,-0.10114417,-0.63100132,-0.61989277,-0.28787848,-0.26404373,-0.38567865,0.37731274,-0.01209946,0.18399253,0.01143230,0.36810787,-0.68832556,0.96006260,0.91530148,-0.21806736,-0.22776605,-0.30185492,0.36927480,0.38344627,-0.07940257,-0.02902568,-0.15378001,0.29770529,-0.22087984,0.44224715,-0.85763594,0.08385204,-0.53354195,0.11887645,0.08946031,-0.02289386,-0.31269092,-0.46506533
0.07645031,0.38939688,1.35043662,2.25718111,2.31163453,2.60877479,3.69552051,4.36375416,4.67682097,5.56000927,6.22413273,7.11816258,7.37340821,7.90402138,8.67447614,9.71560038,9.92785942,10.42565423,10.78462644,11.61613894,4.25412197,4.02798144,4.20978708,4.16620448,3.67028426,4.07803970,4.53749061,3.98863157,4.59062599,3.33971409,-0.27947025,0.27795384,0.32589274,0.29933278,-0.14115709,0.22167947,0.73195429,0.37411899,0.21818826,-0.49085496,-0.02361034,0.23760452,0.04981633,-0.10515143,0.23235754,0.11959170,0.15758769,0.32126685,-0.13596275,-0.25399258,-0.56126618,0.00047418,0.11940369,0.35770881,1.10287601,1.01739476,0.46168057,0.29921022,0.72453557,0.90637898,0.10889961,0.59042758,-0.51051789,0.02339829,0.68949107,-0.55442039,0.00521835,-0.35961996,0.38898037,0.27168084,-0.14395846,-0.43465247,-0.00230054,-0.33118846,0.27561806,0.15558290,0.55835108,-0.92177727,0.16320933,0.05796816,0.05015880,-0.21728054,0.26116091,-0.05562378,0.00040670,-0.00151236,0.22274425,0.25907077,0.10742600,0.42799121,0.09418389,-0.14231519,-0.17665001,0.03416090,-0.17094243,-0.24788825,0.12214675,-0.41126385,0.23906146,0.02455673
-0.40456665,-0.67608973,1.19526745,0.56789266,1.05437516,1.33687095,1.48422933,2.00466157,1.68703631,2.07192811,1.65588245,2.20204161,2.26507841,2.46251159,2.93932010,3.30258082,3.88876030,3.06156356,3.87086084,4.08157612,2.26536908,2.38775643,2.81046128,3.19907329,1.98750397,2.36507712,2.14484040,2.74434310,3.00147875,2.71063539,0.38370189,0.25283119,0.78660126,0.49762464,0.72477103,0.32379201,0.38758941,0.59990394,0.02316989,0.40327032,0.27057811,-0.40140389,-0.35080617,-0.20346151,0.53602401,-0.12593039,0.95377565,0.02054437,-0.13983096,0.46034837,-0.45677929,0.40397913,0.81281578,1.12025697,0.82002591,1.16033974,0.49345292,0.77862872,0.46038660,-0.04306512,0.08332738,0.09984898,0.23073051,0.26210539,0.11776791,-0.28594518,-0.43944302,-0.15426453,-0.08596557,-0.18846117,-0.26775552,0.10210185,-0.57627719,-0.53539675,-0.12102889,-0.31661412,-0.30059596,0.16937854,-0.21297379,-0.09706220,0.23093776,0.37757355,-0.08156738,0.08016148,-0.00786005,-0.34928240,-0.39468487,-0.29877431,-0.09685815,0.36870496,0.35481162,-0.45648481,-0.32538733,0.29980189,-0.65205727,-0.15692805,0.11303302,-0.79188687,0.32945784,0.13118216
-0.23249599,0.95236020,0.56296783,2.05790029,1.95427699,2.71859250,3.17460069,4.07812623,4.32472673,4.28323668,5.02723173,5.58833163,6.22227158,7.02958785,7.58185832,7.99859405,8.47206249,9.44916575,9.15106307,9.91761334,0.57360029,0.44461872,0.50159579,0.97191290,0.60754889,1.37893186,0.77012424,0.65678117,0.50639892,0.52699183,3.45509906,2.66649378,3.22868354,2.41608958,1.84525558,2.44923678,1.99980090,1.60429541,1.57809944,2.06754599,1.68024907,1.25202630,1.54339529,0.93818590,0.95222554,0.75779041,0.95574065,0.48281931,0.54501232,0.42469200,-0.21755005,0.26915928,0.58446191,0.02060201,0.01671743,0.85116268,0.38185938,-0.01226066,-0.00346264,-0.40953830,0.20584742,0.11666956,-0.16337723,-0.20940271,-0.13513694,-0.09727664,-0.78663066,-0.19517800,-0.19444459,-0.40500668,0.24095075,-0.08956565,0.48824082,-0.63019641,-0.24595868,-0.65130960,0.36288676,0.78317240,-0.30460234,-0.66390773,-0.17357040,0.07868005,-0.25674663,0.16643617,0.08606128,0.89965954,0.50585900,0.20472131,0.07407191,-0.27590089,-0.03282349,-0.32225334,-0.17477584,-0.21397026,0.11389355,-0.41447128,-0.01997907,0.41725569,0.07906103,-0.09980277
0.63047024,0.19336388,-0.26355891,0.22052834,0.69671981,1.28643614,1.15844290,2.10487328,1.56861547,1.22160987,1.81924913,2.53613657,1.81410731,2.60093836,2.98531809,2.58016910,2.67635469,2.75620051,3.37676827,3.12140234,4.45636750,5.01726196,4.76894079,4.16447694,4.35388791,5.08290287,5.09696537,4.57487273,4.92018792,5.37824749,0.85872191,0.60510529,1.09954681,0.33560807,0.37839367,0.47346849,0.17260602,0.86340937,-0.03481996,0.08554830,0.14135467,0.23985167,0.20352810,0.23741631,-0.03342681,0.06580815,-0.32184027,0.28059747,0.55608911,-0.19713928,0.20055303,0.19663490,0.89817398,1.18764333,0.73397485,0.60839095,0.23114662,0.40622379,0.17521819,0.22778942,-0.19819073,1.02399482,0.12349273,-0.05691988,0.47451071,0.43038128,-0.22888159,-0.17455122,-0.19067547,-0.45490139,-0.41051487,0.28490089,-0.03286225,-0.15185750,-0.00100947,0.13412690,-0.13088087,0.21288656,0.15083845,0.37535302,-0.18037932,0.45173842,-0.42475428,0.70380937,-0.49818051,-0.03254112,0.02811734,0.89567510,0.23152073,0.19083902,0.18741443,-0.20893638,0.22065155,-0.01613478,0.30691311,-0.04735069,0.38689320,-0.40037722,0.50025404,-0.27168046
0.20796836,-0.32190542,-0.21167528,0.13685807,-0.48387344,0.53124982,0.32406550,1.13397220,0.29246112,0.82996889,0.87131127,0.92899471,0.92225823,0.98736073,1.68046764,1.35655477,1.15282833,1.29853114,1.66336405,1.08178258,3.25202856,3.89083510,4.17660852,3.85748651,3.52947317,3.37536799,3.62134414,3.15793395,2.58692495,4.35308604,0.87821811,0.65124678,0.82132196,0.69857143,0.72675383,0.26590658,0.70729480,0.22777389,0.16645400,0.41128042,-0.00778619,0.70639235,0.27251015,0.27285281,-0.05042610,0.43186185,0.40827756,-0.06075348,0.76400150,0.15148257,0.45497484,0.70895471,0.66194462,1.19173919,1.26623297,0.50044177,0.63861151,1.11744626,0.98378193,0.73942938,1.11561882,0.04987769,-0.08198581,-0.30000848,-0.16817046,-0.06065864,0.08527201,-0.32881395,-0.54036834,-0.25998428,-0.17732625,-0.10781067,-0.17881099,-0.21964319,0.21243912,-0.41982707,-0.28183568,-0.20049511,0.14573428,0.38893545,0.05039275,0.15481346,0.51276297,0.38961021,-0.37345617,-0.04707380,0.24028037,-0.23455002,0.71635263,-0.14232971,-0.37239315,0.17097212,-0.15031727,-0.30466144,0.13826788,-0.44706555,0.24430908,-0.05436018,-0.01343150,-0.34022849
-0.10250284,0.93867514,1.35766292,2.08465010,2.34722247,2.97495011,4.29511452,4.77953644,4.59764924,5.67451123,6.22969998,6.74789260,6.85544189,7.96723941,8.48151302,9.38574703,9.65117661,10.39626574,10.75091352,12.13490688,1.99190692,2.04148522,2.16782128,1.82586479,2.01188823,2.71527711,2.61627210,2.23664960,1.36197353,2.37450082,1.35052869,0.90777252,0.46572424,1.36212298,0.81471038,0.93824217,0.32338902,0.67186135,1.32310187,0.85452016,0.13432050,0.42208697,0.52885395,0.52211534,0.15934528,-0.13210197,-0.11127159,-0.37232945,0.07694958,0.20643690,-0.01042673,-0.06026963,0.27526208,0.26943975,0.96657503,1.55604863,1.22576599,0.86109855,0.74992683,0.99610937,0.02774252,0.59787097,0.47555016,-0.06850076,-0.32769934,-0.31263483,0.08435309,0.05036306,0.06344949,-0.09925658,-0.13382843,-0.22893657,-0.16106028,0.06076625,0.54754480,-0.10778201,0.36853582,0.88544694,-0.28694229,0.28281763,0.11730604,-0.24892011,0.17021354,0.43821282,0.51175979,-0.25833762,-0.18487205,0.32580221,0.25805575,0.16871601,-0.36316390,-0.12003731,-0.13873624,-0.18289869,-0.55219126,-0.27255664,-0.34649720,0.15153271,-0.49808783,0.09636535
-0.25685763,0.29716938,0.29014809,0.40366779,0.89957692,0.34624595,1.12452089,1.03542535,1.17221292,0.49202563,1.45195817,1.50910556,1.65091636,2.40791779,2.26727638,1.63298341,1.97847578,1.98642241,2.56139712,2.20055869,6.74926659,7.21338179,6.37780740,6.52698920,6.25164233,6.35635686,5.68997784,6.79111905,6.93464925,6.47713806,1.65953907,1.39531804,1.10657613,1.10646149,0.74276462,0.19951146,0.70905358,0.73133570,0.51313315,0.49518004,0.54240824,0.04308526,0.22949358,0.42680560,0.66867092,-0.30117001,0.48949117,0.37388079,0.49552310,0.28005398,0.19891120,0.36911515,0.61763413,0.85016451,0.65918991,0.59312523,1.13827074,1.14446916,-0.01192772,0.04439757,0.30390267,-0.00155958,-0.11105943,-0.13487123,-0.12328203,0.00113263,-0.28851045,-0.41716034,-0.87548802,-0.49560753,0.51600138,-0.13177966,-0.53643314,-0.83783106,-0.61142459,-0.25728153,0.45233550,0.11583815,0.15116682,0.36447773,0.42785765,0.32438518,-0.32998659,0.59698578,0.14533440,-0.66021509,0.14361169,0.69487737,-0.17250864,0.23867522,0.03744201,-0.50958120,-0.29882773,0.56101090,-0.35461018,-0.14721542,-0.28196212,-0.03501845,0.35715685,0.21220345
-0.16679800,0.67090076,0.36035816,1.06155559,1.53024322,1.67463773,1.81338441,1.68778546,2.89341012,2.88481331,3.26574817,3.80981186,4.15216063,4.13931610,4.68815461,4.84413689,5.06656004,5.86775232,6.14122999,6.13327100,5.65462925,5.90403419,6.40472420,5.92973599,5.81728028,5.66700601,5.64815973,5.56473991,5.21541628,5.29726347,3.35979988,3.27174948,3.44499416,2.04695580,1.89427108,2.25807385,2.32572744,1.56714298,1.96046027,1.89834296,1.97422456,1.00352661,1.24361889,0.93415238,1.07483204,0.62509224,0.95960129,0.41961985,0.06355407,-0.11083243,-0.39549913,0.24958278,0.88025423,0.62463032,0.76718331,0.88885216,0.65315780,0.28753220,0.51133891,-0.02695015,0.75684690,-0.42288925,-0.36618587,0.16528944,0.00405494,-0.18438585,-0.22660749,-0.33516250,-0.65480262,-0.41419154,-0.24990772,-0.28244229,-0.48488735,-0.16277774,-0.28334769,-0.44166904,-0.08214512,0.53047594,-0.46393193,0.08653686,0.26623795,0.21187491,-0.23514374,-0.16703966,-0.03915083,-0.07988493,-0.52983093,0.21404601,-0.18374122,-0.02385971,-0.18746463,-0.20766349,-0.07915158,-0.29326061,-0.04633389,-0.05027738,-0.07829194,-0.25102395,-0.46717352,0.27736247
-0.19481704,0.09548460,0.57587244,1.01855635,0.51676817,1.20866135,1.59124899,1.49806007,1.36939817,1.52016766,2.06044446,1.85511178,2.38881776,1.50378475,2.37280757,3.07782278,3.48726284,3.36037531,3.53225228,3.56068748,3.38980970,3.25362583,3.51031286,3.24204296,3.25651298,2.94617635,3.48227140,2.92863694,3.41124722,3.16859384,3.98582971,3.26207022,3.72405038,3.10649453,2.66361959,2.22123371,2.23069807,2.14762063,1.37286538,1.41409443,2.05960989,1.18143672,1.30131695,1.35981477,0.80944437,0.95696175,0.61085605,0.90113196,0.53170511,0.08383903,-0.24051690,0.12386897,-0.10244678,0.13288293,0.11239166,0.73128450,-0.19452032,0.28656134,0.62645409,-0.56441662,0.35672296,-0.48290072,0.09326427,0.29098486,0.27632553,-0.11048991,-0.11078005,-0.10784733,-0.15252967,-0.45388815,-0.29318245,0.09101679,-0.03076578,-0.28624789,-0.05052268,-0.13490609,0.14024862,0.36704681,0.47417447,0.57404120,-0.05657394,0.29445339,0.17952397,0.19192457,0.17795222,0.27281942,0.11020094,-0.07292273,0.27555740,-0.61675657,-0.45217969,-0.10693499,0.11171995,-0.12959772,0.69665097,-0.40849865,0.09442291,0.26453695,-0.16577097,-0.01327194
-0.39283667,0.46119521,0.49982833,1.33470927,1.08380828,1.28568675,1.26686292,2.12232093,2.60579470,2.76332448,2.90006117,3.40247168,4.21127334,3.88803395,3.82374531,4.79494049,5.95647504,5.06384331,6.22388616,5.99641006,3.84751354,4.34303504,4.10708283,4.19180941,4.59069960,4.14183423,3.65201469,3.64688403,3.64376295,3.80612819,2.22470527,1.64465057,2.00657677,1.39832028,1.53929405,1.24935331,0.53453069,1.04407518,1.12330118,0.76740284,0.71635907,0.92432986,0.85383047,0.76598163,0.52676721,0.00331743,0.38044683,0.53858739,0.65334415,0.47397387,-0.38122843,0.55856682,0.20452622,1.26186282,1.64085091,1.60234291,1.62579397,1.27718966,0.43343223,0.73064211,0.00689650,0.45996703,-0.14997934,0.04512515,-0.14761762,-0.17216613,-0.69779827,-0.24399923,0.14604612,-0.08778488,0.45229196,-0.18600854,-0.10968139,0.03253349,-0.61046848,0.28076445,0.00230737,0.25699991,-0.17462325,0.40821352,-0.08191843,0.11802269,-0.31693077,-0.19907675,-0.04287329,-0.28334612,-0.45399648,0.36381037,0.67973747,-0.18518269,-0.37626727,-0.19030544,-0.34997830,0.06730494,-0.22731719,-0.31967567,-0.12841869,-0.17648739,-0.26798726,0.34462763
0.00924405,0.11848715,0.04038784,0.13947866,0.68540717,0.15231577,0.15949281,-0.00696266,-0.31868190,0.06131551,0.27653173,0.14718739,0.48743165,-0.36205645,0.40720292,0.56068415,0.06826958,-0.16313098,-0.09373707,0.14464677,4.43705442,4.43270186,4.17519503,4.48096746,4.54403364,4.34744122,4.43304558,4.52027830,4.59256978,4.27910205,2.42792959,2.44868273,2.20781889,2.22198015,1.96137275,1.70003277,1.82006111,1.28912707,1.17248524,1.12860287,0.76999248,1.03947784,1.31659440,0.81479905,0.72353921,0.81070564,1.14218377,0.45993105,0.61153041,-0.09407030,-0.03225780,-0.04818241,0.48012370,0.48611197,0.75715849,0.75458266,0.75317546,0.25066993,0.30228035,-0.08467709,0.56355752,0.22299475,0.22409574,0.60230071,-0.40902371,0.17682997,-0.05246709,-0.42506255,0.18238552,0.18603398,0.12989697,0.04728161,0.01455557,-0.21747626,-0.39184185,0.17401980,-0.36386916,-0.15724868,0.06103066,-0.11054095,-0.19439991,-0.21369935,0.19986813,0.17267076,-0.01635041,-0.63841652,0.03191547,-0.35248255,-0.52675717,-0.15237295,-0.14385250,-0.02922736,-0.44046932,0.14739056,0.20379493,0.30941913,-0.17903880,-0.03953833,0.11631254,-0.00542397
-0.79060466,0.43557853,0.49977144,0.47424851,1.71199229,1.58135873,2.71191874,3.04336834,2.90923575,3.16891399,3.83865294,4.26856115,4.51046332,5.01879010,5.06118419,5.59338461,6.26689694,7.00919308,6.96664745,7.73542027,7.22377111,7.23712526,7.45248059,7.49439250,7.50013645,7.22566690,7.38300203,6.77527694,7.28828596,7.21514825,2.31419418,2.34066756,2.15097163,1.64326759,1.71847885,1.26318914,1.18391860,1.30998217,1.19771312,1.01801842,0.46114746,0.79150435,0.66259781,1.56051068,0.34502761,1.09119795,0.31053897,0.82351966,1.14434574,0.52586016,-0.42750581,0.14669543,0.80888189,0.35259075,0.39291361,0.26485730,-0.18351555,0.57916600,0.38242792,0.43270720,0.10134445,0.29389893,0.33608354,-0.49165151,-0.03385249,0.03735718,-0.01137962,-0.11123425,-0.07407603,-0.29444271,0.38095311,0.31236734,0.14988681,-0.96647673,0.08739143,0.19817731,-0.20840780,-0.09831381,0.37780971,0.60700227,0.24847862,-0.07330189,0.36557980,0.22233723,-0.14038745,0.39212749,-0.25882628,-0.30825497,0.16826263,0.02693958,-0.32465197,0.15560610,0.21424404,-0.48578406,0.23934735,-0.22635530,0.17052692,-0.29926466,-0.31060787,0.64747928
0.29187066,0.30333799,1.02686395,1.92340826,2.52661993,3.07895214,3.13786121,4.09849364,3.88115123,5.07886841,5.26692693,5.61180125,6.82875130,6.64609866,7.19533131,7.81418291,8.54965371,8.76587822,9.87603419,10.21326418,6.80469149,7.38625265,7.20248134,7.44760970,7.05241757,7.39320040,7.63966291,7.58656510,6.80572574,7.14790779,-0.20854075,0.40091270,0.08322539,0.38170364,-0.22665056,0.37539491,-0.03410055,0.80929969,-0.34468062,0.01501670,0.39747212,-0.00526488,-0.07448082,0.12358036,0.51531449,0.29420059,0.37562661,0.21169988,-0.05553216,0.04008076,0.18573875,-0.24203849,-0.47503637,-0.22842022,-0.34157751,-0.09402256,0.44437240,-0.31781034,0.12253839,0.47479611,0.23400910,-0.48643009,0.75620488,0.55865313,-0.15273146,-0.41474175,-0.80605782,0.29866153,-0.51587330,-0.17408718,-0.04151774,-0.05768097,0.09676697,-0.32423235,0.09701306,0.04781913,0.23943020,0.13513233,0.19224320,0.14718209,0.37563810,0.30805499,-0.13358794,0.17323231,0.36342835,-0.06239533,0.41934134,-0.30396824,-0.32585532,-0.29233209,-0.24002580,-0.29216137,-0.31835200,0.18807296,-0.13950011,0.08215275,-0.27268472,-0.40591135,0.16156171,0.32606514
-0.22749959,0.53516020,1.01071151,1.97997195,2.16142702,2.06410558,2.56093250,2.97802796,3.07840317,4.19537704,4.02054055,4.75478255,4.65591643,5.57875315,5.77639814,5.96513525,7.24991449,7.46527103,8.09942263,7.78986701,2.34946618,1.38944752,1.97966982,1.82875740,1.87458172,1.28521442,2.02055871,2.17404160,1.56393161,2.31123243,0.33759699,0.62213118,0.08577485,-0.04054885,-0.07836932,0.08444119,0.22392177,0.30131228,0.33361657,0.30130845,-0.16959937,0.15240718,0.24572590,-0.51922377,-0.00185245,-0.34854272,-0.50317621,0.08846359,-0.15784270,-0.16163213,-0.47117898,0.64757987,0.70544888,0.98559475,0.98117173,0.99199815,1.02881223,0.60275053,0.30573143,1.02915329,0.32309209,0.42424843,-0.32362807,-0.46822065,-0.39195327,-0.19525155,-0.55730865,-0.90694933,0.14349371,-0.27021556,-0.65187068,-0.37238443,-0.45690701,-0.53065190,-0.28133095,0.28617777,0.17106690,0.06199694,0.03639624,0.23683517,0.27833395,-0.33719040,0.12473225,-0.02856702,-0.03369724,0.20757957,0.13378167,0.01882256,-0.30754403,-0.18305377,0.17876853,0.05449972,-0.23107246,0.56613912,0.02419192,-0.36465835,-0.17357809,0.00954432,-0.21587148,-0.25813013
0.16934208,0.44794053,0.98806566,1.03448941,1.46200681,1.81314427,2.58595219,3.20003856,3.42851395,3.88168390,4.00135162,5.37906166,5.57932747,6.12994363,6.85030419,7.23672855,6.94475092,7.83119449,8.03924102,8.80264022,4.24823589,3.66383495,3.88379300,4.37673732,4.04750921,4.54500873,4.26361599,4.37766525,3.67477655,4.09027906,2.57911559,2.17899913,1.65612086,2.10060623,1.84108947,1.50887118,1.78409647,1.04238998,1.18637574,1.16165550,0.66538617,0.93821588,0.45971805,1.13816820,0.77442789,0.42761869,0.06476147,0.61988930,0.77570334,-0.03951974,0.22161697,0.47959168,0.29596382,0.14020698,0.18876470,0.21213735,0.47354578,-0.09445553,0.28155264,0.19739685,0.25534458,-0.16195784,-0.03535405,-0.29675957,-0.10620930,-0.17676568,-0.25867660,-0.32713210,0.25189454,0.31544426,0.50008960,-0.11430247,-0.33538072,-0.41681548,-0.05789804,0.37733889,0.03874950,0.21452037,0.01165554,0.47744995,-0.27067572,-0.18913681,-0.34191920,0.08782472,-0.44471755,0.04823737,0.67283189,-0.08947961,0.46584908,0.54173590,0.67656626,-0.50581650,0.36623409,0.26981509,0.23681271,-0.39051018,0.16788672,0.42367674,-0.15739602,-0.02601584
0.29209813,0.33075782,0.84672456,0.52257147,1.33521675,0.34130338,1.24973782,1.26337106,1.29419114,1.36468091,1.83969459,1.90263141,2.25683573,2.33269869,2.54153191,2.95802934,2.76542542,2.55997615,3.29087218,3.42201034,7.79341020,7.57122291,8.02922284,7.35979446,7.25495534,7.76703726,7.95291035,8.61909736,7.50712877,8.05524139,1.45658556,1.46004458,1.70700278,1.61317864,1.16457834,0.39848488,0.94848623,-0.05825772,0.79688492,0.67914567,0.55943119,0.88771196,0.58415395,-0.05359869,0.66303603,0.04537785,0.54019558,-0.51391560,0.50119148,-0.02244555,0.19447282,0.21781528,0.03638865,0.47049456,0.71201993,0.60644949,0.52823180,0.60423197,0.92821000,0.24259534,0.03093168,0.32088892,0.19369138,0.08752695,-0.06093696,0.14980712,0.28776244,0.52345360,-0.40301295,-0.03334393,-0.20463027,-0.12802248,-0.38742153,0.09623646,0.03816689,-0.07493553,-0.31077188,0.04801282,-0.27441055,0.26795266,0.30275853,-0.15863572,0.01663568,0.85406953,-0.66753052,0.12482776,0.20309963,0.08921121,-0.34734979,-0.00971744,-0.34025754,-0.15042902,-0.41893151,-0.10401710,0.31700183,0.60934589,0.15847647,0.45237424,0.02213336,-0.30337739
0.44018226,-0.29445204,-0.77016656,-0.07475263,0.54607072,0.21172932,0.45262624,0.68761485,0.70095012,0.67850609,1.15654345,1.31164763,0.33429629,1.80699937,1.03845011,1.38272904,1.01532761,1.54661123,1.76586159,1.28763804,3.19502000,3.12577683,3.51413834,3.43187747,3.02453035,3.19461009,3.29671753,3.33403258,3.19642871,3.19442210,1.31952092,0.89102801,1.27513519,1.12860796,0.63332664,0.58113750,0.88828550,0.31796412,0.50743214,0.67219394,0.42968100,0.70842089,0.23064327,0.44821204,0.55789788,0.35330155,0.06389692,0.06444288,0.63343619,0.25460720,0.47953138,0.13016121,0.52458378,0.93127305,0.66755056,0.05858906,0.77584659,0.90848153,0.36816792,0.21866087,0.04853476,0.24493659,0.00726379,-0.73661316,-0.13469769,-0.32020803,-0.49293108,-0.59727767,-0.02168616,-0.12245558,-0.13693081,-0.03194472,0.06386969,0.43969631,-0.18043954,0.05322446,0.23878598,-0.27166545,0.21885872,0.40117281,-0.49568201,-0.51764966,-0.17635273,-0.20069102,0.14389884,0.38488269,0.18434495,0.06567905,0.00670433,-0.11951081,0.07816833,0.09920246,-0.05366683,-0.13764755,0.14033797,-0.24153425,0.37656273,0.15567447,-0.23262279,0.08155566
0.42199568,0.22335782,0.64727362,1.84097673,1.28187000,1.59478310,2.56022711,2.87616482,3.44825782,3.81222609,4.23372102,4.32894999,5.18891281,5.56155691,6.00781249,5.82014335,5.98559586,7.32811587,7.66188234,7.45600101,4.26719612,4.19239626,5.15094272,4.43988876,4.47852377,4.85598957,4.64603175,4.41335744,4.57196038,4.05090612,1.96486774,1.64597852,1.55355280,1.76967753,1.19811319,1.47803701,0.58602873,0.84254312,1.05429599,0.99806569,0.49366238,0.40885350,0.56954912,0.53878856,1.14257070,0.73158149,-0.26196331,-0.08006091,0.69653802,0.45400878,-0.16147220,0.76426443,0.92752808,1.20616454,0.27558025,0.90028083,1.29288097,0.71681114,0.61263166,0.02697675,0.02409071,-0.50022192,0.74326352,-0.15628887,-0.41109402,-0.07017645,-0.01153815,-0.11532964,-0.27391769,-0.23288052,-0.65870297,-0.20063662,-0.37505577,0.56371053,-0.06200076,-0.00718515,0.49248955,0.16785920,-0.34337826,0.31878199,0.02412033,-0.00834949,0.07397699,0.27390117,-0.14114456,0.58900943,-0.00720559,-0.06243589,-0.10449602,-0.12996178,-0.39763947,0.13231387,0.11199221,0.10871644,0.10492371,0.17320040,0.19025880,-0.37038323,-0.22802961,0.08554432
-0.40359322,0.89833066,1.20565004,1.50156956,2.07131056,2.59172434,2.50773812,2.76708283,3.93454801,3.97412966,4.79124533,5.34431142,5.97451308,5.67375339,6.21562694,7.45994743,7.44202081,8.06844028,8.14020076,8.59193507,-0.45779889,0.64423540,0.31920424,0.42341564,0.35461790,0.57418543,0.39320953,-0.13131471,0.12439873,0.28898475,0.73979092,1.09213243,0.58179947,1.07251649,0.64068241,0.96154554,0.71393689,0.60094409,0.94427696,0.33098026,0.85957842,0.60056367,0.01128073,-0.24859414,-0.05879036,-0.41114668,0.34858724,0.04457671,0.31787314,-0.21303493,-0.08020266,-0.51477021,0.59566870,0.33273782,0.11396089,-0.10999211,0.11256850,-0.22349379,0.10836027,-0.04200690,0.11930651,-0.19354125,-0.44064524,-0.38635982,-0.09749420,-0.03094320,0.08300401,0.05687208,-0.39781463,0.28937678,-0.90376978,-0.10380285,-0.53427357,-0.35773844,0.26636378,-0.08293893,0.63243465,0.12425627,-0.64230052,0.22902380,-0.72768609,-0.48683546,-0.74244741,0.84238506,-0.71282936,-0.44918140,0.45679586,0.44748480,0.33845469,-0.07512504,-0.60731278,0.26523097,0.72491511,-0.55808356,0.04073466,0.24529611,0.04897414,-0.23897109,0.67895538,-0.28566091
-0.05107278,0.40970859,0.99794068,2.00374363,2.48204763,2.62302919,3.62222286,4.07032494,4.39809620,5.70358902,6.33256279,6.76237689,7.79440953,8.22721798,8.68620505,9.48381208,9.67345142,10.40612556,11.07599638,11.10754869,4.89056379,4.52488195,4.95452184,4.62276820,5.23631192,5.22671989,4.94470048,4.64539773,4.61708938,5.17167412,-0.03208931,0.41645539,0.28064893,0.11256269,0.10936605,0.35143882,-0.45275358,-0.24676652,-0.03804019,0.53766808,0.06817417,0.02787271,0.41002549,-0.10060554,0.57496619,0.64594786,-0.02036959,0.42423238,0.38163954,0.10186105,0.17191685,0.62942098,0.50011839,0.85595101,1.10524314,0.76264359,0.32990558,0.93465896,0.47091824,0.85934797,0.17261450,0.07126178,0.30681385,0.02051027,-0.17146423,0.14453078,-0.30573832,-0.39587828,0.33113573,-0.16249567,-0.63302012,0.21896633,-0.46187763,0.30552720,-0.24202894,-0.31443382,-0.21046478,0.04283234,0.27429129,-0.26594982,0.26510531,-0.09276684,-0.50605356,-0.30335524,0.03420966,0.44084335,-0.11895330,-0.30516855,-0.77572777,0.12481836,0.23697218,0.13596192,0.58386767,-0.63011338,-0.15642257,0.25396041,-0.02865692,0.40972465,0.06671103,-0.42434222
-0.10294603,0.65670036,1.09123299,1.63366719,1.35877114,2.39592352,2.47556290,3.38567710,3.92483355,3.60050492,5.14142355,4.90133378,5.18997710,5.95743779,6.52291094,7.17015468,7.81583742,7.78797201,8.44294491,8.47294650,2.49336565,3.29874711,2.82249739,2.96482410,3.15006270,2.39155350,2.69354270,2.80561095,2.91089534,2.54723076,0.75427418,0.54223337,0.37406015,0.60558690,0.19684550,0.59494252,0.26078119,0.82748088,0.58935078,0.56740270,0.18334928,0.33876520,0.46092733,-0.09287341,-0.42943031,-0.18529454,0.89155037,0.42150227,0.85501143,0.12885753,0.32868526,0.58207051,0.57728038,1.13538731,0.65543925,0.85942743,1.25215627,0.62277761,0.56890254,0.45982540,0.39207409,0.25166590,0.10801188,0.09998124,0.17802198,-0.03313827,-0.18197684,-0.30211012,-0.28201999,0.19985141,-0.39662021,-0.89428486,0.06293784,-0.30094311,0.00427343,0.47372465,-0.43039489,0.19330627,0.40809015,0.42864893,0.36700801,0.00993364,0.02569949,-0.10068819,0.27884996,0.20109423,-0.20602062,0.06447377,0.77088631,-0.33785555,-0.21013506,0.49997989,0.35014913,0.34401072,0.19231935,0.58667363,-0.18076404,0.25101514,0.21372653,-0.17550021
0.57943157,0.91735177,0.56473554,1.10746766,1.06655910,1.52199293,2.47157720,2.24587765,2.75628790,3.46286263,3.15095070,3.78781786,4.36739596,4.40442389,4.72001772,4.93899261,5.84072572,6.00124638,5.67259865,5.97131505,2.99476318,3.77803038,3.26400405,3.32282179,3.28420355,3.52010913,3.27953854,2.51435693,3.07075379,3.13590229,2.90260936,2.45613183,2.59610554,2.21450440,2.04868184,1.42700957,1.48693706,0.87219116,1.26739402,1.48521059,1.02038677,0.53336146,0.59247071,1.13240160,0.44791987,0.41445317,0.39657706,0.67501912,0.52078025,0.85671414,0.26384210,-0.13970508,-0.13068008,-0.13164643,0.50101175,0.09138393,0.22889151,0.19681402,-0.24901569,-0.23714444,0.65825087,-0.25981483,0.04401834,-0.01313445,-0.29908995,-0.01050818,0.14082489,0.09632478,0.19579758,-0.40893551,-0.20687215,-0.30858691,0.19190244,-0.00161300,-0.11819971,0.40845722,-0.28137101,0.13811099,-0.54119173,-0.11711464,0.51241790,-0.59931085,0.03920758,0.13216540,-0.08943028,-0.66812838,0.18204115,0.40887080,0.66214110,-0.02538265,0.33062768,-0.24742402,0.28619371,0.15271568,-0.28893969,-0.43774455,0.07508920,0.44640500,-0.38968133,0.21265504
-0.14977444,0.22053737,0.15534184,0.54420245,0.68318445,1.18203198,1.68210934,1.16474689,0.96478524,1.19228207,2.20355841,1.70840527,1.61182093,1.99917593,2.09943744,2.61424760,2.15397341,2.89093607,2.76194968,3.07512581,5.89507011,5.28496705,6.36887937,5.52719304,5.96627980,5.42942560,6.26646549,5.53985599,5.47614178,5.47238883,2.92639686,3.19492882,2.19161098,2.09722655,1.86285420,2.36620477,1.30496463,0.95471540,1.30728346,0.78334728,0.74748362,0.91852156,0.82255242,0.65149179,0.37325754,1.08954330,0.66091541,1.16782306,0.49257609,0.03818759,0.32374259,-0.42160687,0.36140500,0.22673283,0.37773064,0.26478817,0.74635919,0.17063105,0.54107159,0.82879882,-0.00804264,0.02845737,0.20237365,-0.30085692,0.87378294,-0.43342352,0.31105913,-0.49717608,0.04817868,0.01359643,-0.20079095,0.51379338,-0.36249886,-1.28379011,-0.29985361,-0.25762948,-0.05148558,-0.01220126,0.29789466,0.58109379,0.20948063,0.05098170,0.30907064,0.14417165,-0.04489987,-0.11323798,-0.44210341,-0.42130135,-0.08948721,-0.15907548,0.26074300,0.00072311,0.32591682,-0.00228799,0.24446341,0.15019732,0.36432155,0.40406194,0.00886409,0.09417253
-0.23304111,-0.24513833,0.57723627,0.94297532,1.08904988,1.61672676,1.34683288,2.24433598,2.07733370,2.52015945,2.93144701,3.27281555,4.20398424,3.61833518,3.85507873,4.53329904,4.04674962,4.97246042,5.44203256,5.66831729,5.62733649,6.04537428,5.03013686,5.76830537,5.70198489,5.97686301,5.63026934,5.89119268,6.13919170,6.15873189,0.28015361,0.26106910,1.01898364,0.78598222,-0.06800389,1.36140890,0.58853840,0.60194636,0.39963782,0.38885265,0.24324987,0.27974961,0.46080267,-1.20511316,0.43522149,0.27900931,0.44841401,0.43697549,0.45212536,-0.16646303,-0.30913909,0.17723245,0.13300732,-0.43120507,0.60463438,0.17055091,-0.58045009,0.41640944,-0.09991130,0.00583039,0.40697319,0.08050473,0.21706345,0.00888349,-0.30903863,-0.17450873,-0.31219784,0.11745641,-0.23956559,-0.43178957,-0.55568598,-1.13278970,-0.68154460,-0.31425868,0.05634644,-0.68862573,0.12430688,-0.20681904,0.06291883,0.49780924,-0.24996314,0.29575807,0.08099396,0.19323484,0.39314224,-0.19577182,0.49912389,0.23773995,0.64440299,-0.20564167,0.20649777,0.05339718,-0.04017160,0.11399780,-0.33775980,0.13349786,0.23635792,0.07789327,-0.06199065,-0.16019588
0.21027530,0.09368604,1.14413119,1.54870999,1.81580732,2.32787867,2.10769670,1.60237422,2.60780456,3.24780745,3.38564163,3.24277249,3.28229660,4.31756744,4.15103579,5.09359801,4.99905814,4.56241929,6.09295837,6.16531766,4.15334378,4.67019605,4.62893021,4.08296542,4.58783448,4.56178284,4.44343607,4.33370183,4.66150231,4.91397195,1.19493023,1.37578553,1.02265383,0.97056175,0.74963767,0.57238785,0.30478832,0.87284259,0.33048497,0.46150263,0.60042071,0.33862865,0.11038197,0.34162061,0.08113462,0.29975794,0.29665900,0.75767704,-0.17652659,-0.49194437,-0.17519535,0.15690427,0.38146679,0.49427350,0.31080456,0.22899760,0.83395090,-0.13110726,0.03248060,0.27133199,-0.29094150,0.26418272,0.79823018,0.25539803,-0.64656037,0.03197656,-0.57859118,-0.39259185,-0.42842774,-0.77686812,0.20087024,0.09929685,-0.17354758,-0.09752263,0.16414290,0.41205459,0.02877875,0.24057736,-0.20926127,0.21594545,-0.20811910,0.36695032,0.14649990,0.12586328,0.27284848,0.62468235,0.38116552,-0.05633921,0.25002182,0.34112232,0.03618999,-0.55614219,0.23990330,0.24178328,0.20886408,0.29317042,0.15742317,0.03526862,-0.04841946,0.53535550
-0.32217024,0.41148794,0.32467898,-0.12221590,0.41126345,-0.05984292,-0.04642063,-0.20983044,0.49409781,-0.51089382,0.24313787,0.06267935,-0.21369901,0.30322395,0.46918844,0.15883778,0.17262180,-0.06221347,-0.50195725,0.64465101,2.62850535,2.16554914,2.29794162,2.44096043,2.32766937,2.12587344,2.40225020,1.70701085,1.68170114,2.04768884,3.57377344,2.78936716,2.83788743,2.80422374,1.80753893,1.72983760,2.32054114,1.74094551,1.05929753,0.77442171,0.96818225,0.92500538,0.80929396,0.48102480,1.10536554,0.31009367,0.99535234,0.62044082,0.45517188,0.25886618,-0.68889604,0.33933312,0.07150684,0.09942700,-0.16611167,-0.27139364,0.66513422,0.06615668,-0.38350647,0.24401976,-0.08750497,0.01270220,0.48397248,0.10144887,-0.07087479,0.05160869,-0.19051958,-0.07163737,-0.16769665,0.89249493,0.49228991,0.08010905,0.31814865,0.12054041,0.32207452,-0.15354987,-0.82321183,-0.47008404,0.33775836,0.04284906,-0.03006976,-0.31060478,-0.26410970,-0.17970222,-0.07907654,-0.20821905,0.11582144,0.03445373,0.71240480,0.20110349,0.26894745,0.01151731,0.37355971,0.00290449,-0.05032079,0.12005851,0.58677768,-0.80058994,-0.04311591,-0.19723301
-0.42288359,0.18376383,-0.64871869,0.56042943,-0.35200602,-0.13820780,0.89372670,0.54715207,0.45001140,1.05396042,0.48159178,1.21702441,1.24054611,1.40687876,1.32805940,1.01435445,1.66812743,1.60272646,1.28319366,1.77244227,4.40321937,4.54712756,4.69973924,4.95045468,4.78633211,4.76985569,4.64470593,4.66083218,4.31213319,4.80334948,2.04785452,1.38518406,1.45160888,1.41492717,1.21431513,0.58429985,1.04929130,1.15988892,0.80438412,0.53690388,1.06181628,0.46728500,0.72120592,0.36245068,1.11120024,0.68444657,0.88498250,-0.04894110,0.20710404,0.30096838,0.49340571,0.54420081,0.11982947,1.05010414,0.71037520,1.82405012,0.89163698,1.20389175,0.55463014,0.46804428,0.22106846,0.24644023,-0.23665152,-0.46789249,-0.36477864,0.04826474,-0.09212360,-0.67352696,-0.36782258,-1.10320332,-0.84247808,0.03029548,-0.11894124,0.25572336,0.57039927,-0.20415006,0.18322960,0.39128081,0.05605913,0.18213450,-0.07902916,0.41111192,0.35421350,0.25925369,0.51302144,-0.28984422,0.24094220,-0.48879349,0.14015603,0.32149746,-0.23578685,-0.48022854,0.01934422,-0.06219001,-0.07781431,0.38577202,0.76693445,0.29881742,0.20572883,0.16843476
-0.40046823,-0.57082631,-0.47266078,0.17487257,0.05426076,-0.27735523,0.62890617,0.48920407,-0.04329523,-0.09826963,0.06941944,0.17756689,0.30217553,0.26519338,0.35525448,0.02166452,0.24444982,0.13751676,0.15202237,-0.07285640,1.26027532,0.88363587,0.93606528,1.59518805,1.45961993,1.88195871,1.39999604,1.66098048,1.56169326,0.79869985,0.44168392,0.90890576,0.48299168,0.04215704,0.05294055,-0.21294712,0.21309830,0.13769552,0.12165492,0.22726145,0.72245275,-0.21190883,0.32929830,0.13738683,-0.24300174,0.18442748,-0.13803630,0.12292204,0.34386690,0.49403134,-0.05213886,0.35839505,0.82278609,0.76308460,0.60950853,1.28463385,0.73885063,0.89593756,0.38439241,0.10276473,0.76585372,-0.16585611,0.25017403,-0.54389337,-0.20190554,-0.76148026,-0.14634668,-0.36650237,-0.60079785,0.14780026,-0.00001377,-0.14051743,0.16962114,-0.04553737,-0.00952591,-0.69567612,-0.22007096,0.64382308,0.00152069,0.35549919,0.62011161,-0.04834006,-0.01615732,0.28066211,-0.18962853,-0.53219514,-0.00301909,0.55628762,-0.50111256,-0.60937613,-0.24682678,-0.10390679,-0.23727146,-0.23625997,0.26380626,-0.07069022,0.37587475,0.72324493,-0.29408943,-0.41565009
-0.68466877,0.36604469,0.36155013,-0.27845540,0.12673525,0.88320273,-0.28876094,1.06405868,-0.32566023,0.20101012,0.69103316,-0.11959600,0.13614747,0.25158903,0.66358576,0.71357434,0.01355466,0.39392749,0.65294043,0.25826193,3.29985250,3.56084567,2.84966064,3.02361507,3.43492174,3.62496803,3.14499064,2.93175371,3.40176701,2.40747401,1.25873634,1.16547711,0.78902073,0.85808988,0.46265768,0.52877783,1.18715278,1.02425544,0.50353200,0.48500255,0.73972895,-0.03746534,0.16324574,0.29607053,-0.16173138,-0.13369208,0.29117235,0.48351954,-0.16815518,0.36953406,0.06901230,0.69789119,1.03310077,0.30132553,0.87347102,0.82848684,0.45832108,0.26423327,0.02751468,0.36597598,0.68332118,0.78165815,0.69754467,0.05296150,-0.25930317,-0.06201386,-1.01906051,-0.04484016,-0.53333582,-0.33426430,-0.11342802,-0.02395598,0.24064235,-0.67399411,-0.24153829,0.18539265,-0.31537339,0.07045190,-0.06366628,-0.41083022,-0.55413485,0.11419964,-0.28984031,0.53796748,0.07903171,0.30734881,-0.33698300,0.07442747,-0.54481026,-0.33645563,-0.10999765,-0.44020032,-0.24726327,0.31253233,-0.16404586,0.09810596,-0.18267843,0.20695965,0.05139024,-0.34530928
0.20847356,0.51181057,1.27505982,1.51684039,2.01278658,2.79472693,3.48989941,3.54617246,3.76721537,4.05252906,4.82446237,6.01309994,6.52195866,5.92564793,7.04670915,7.93087629,7.80901641,9.15652951,9.64752967,9.33847481,4.10069647,4.50811779,3.98644396,4.66368852,4.31747191,4.47866322,4.57141775,4.62352609,4.63563227,4.14345013,3.10003087,2.88944890,2.61580399,2.55880966,2.23816104,1.52745582,1.93167037,1.39923619,1.31222149,1.29504619,0.33320771,0.96208120,1.26350643,0.91200698,1.07003859,0.99465381,0.52522899,0.43373143,0.04599994,0.30646581,0.20908106,0.43123266,0.45085421,0.92681697,0.80029173,0.84789596,1.00402487,0.55337345,0.47323551,0.44180836,0.29171232,0.34375592,0.58598848,0.30611052,0.19056753,-0.52579971,-0.83357799,-0.66330364,-0.89248663,0.12365122,-0.30353979,-0.53562138,-0.56243356,-0.24069036,-0.69129906,0.05361483,0.17783720,0.42940650,0.02215124,0.10374306,-0.53896469,0.59969281,-0.28503762,0.27286862,-0.21255486,0.30074583,0.14106203,-0.20858023,-0.54244408,-0.69697934,0.36442599,-0.24336514,-0.01679498,0.15914106,-0.20782689,-0.21191860,-0.20748546,-0.59626650,-0.25853322,0.30901966
0.47835252,0.31192749,0.81568389,0.54060031,1.41136432,2.11611806,2.68676173,2.38347910,3.10489065,3.83259184,4.22238212,4.41036784,4.96260793,4.90348798,5.61114936,5.22596551,5.89477582,6.56284015,6.74814051,6.88451143,7.51490681,7.62265574,7.39736449,7.25143133,7.47978171,7.24412730,7.37134298,7.18305262,7.80080256,7.73037621,0.14558136,0.32372575,0.01412795,0.45662608,0.12324923,-0.05456137,1.02078363,0.67544660,-0.14016348,0.32077797,0.18503458,0.19555425,-0.15712927,-0.21444257,0.31603804,0.62175301,-0.40278606,0.53278015,0.32825864,0.05047723,-0.36253755,-0.13156356,0.85313862,0.45300923,0.97550040,0.91538053,0.38558300,0.65614949,0.97330004,0.02761453,0.30659294,-0.70111222,-0.11915762,-0.07808267,0.52308382,-0.54462951,-0.12239941,-0.70614897,-0.52313404,0.03019819,-0.43203248,0.09597281,-0.36183944,0.44095766,-0.06208098,0.24395670,-0.35414165,0.31572794,0.12749779,-0.16083434,-0.08106033,0.41272422,0.39041366,0.00782193,0.04386440,-0.36915623,0.55202981,-0.00626128,0.20796397,-0.32735615,0.43310487,0.17231297,-0.07959217,-0.18992599,-0.10807625,0.12567672,0.14894000,0.24681834,0.65318882,-0.19314185
-0.78360704,1.56985359,0.79969526,1.09243866,2.63683035,2.86379970,3.06324059,3.71213490,4.58289378,5.13891421,5.65588457,5.55839457,6.60241339,6.69864765,7.92311767,8.63365102,9.18465290,9.53401872,10.37146984,10.57873009,7.04682772,7.06129359,7.14304839,7.26067050,6.99561713,7.29124316,7.01133500,7.22407750,6.66325314,6.83519233,1.83742374,1.67429819,1.03291018,0.40337163,1.04988447,1.47366380,1.01573091,0.18685406,0.95777890,-0.07059356,0.16000516,0.61950978,0.51791083,0.15218360,0.07241880,0.62645649,0.15320168,-0.54310666,0.13376103,-0.18439007,0.30032051,0.16503094,-0.59011074,0.58308653,0.18074625,0.17523065,0.01767359,0.04177761,0.24999430,0.44133504,0.15067523,0.66206541,-0.36424055,-0.10712321,-0.19157588,0.13540905,-0.07123213,-0.20480009,-0.05061405,0.32042803,-0.47850395,0.16359122,-0.28001523,-0.74512038,0.27738296,-0.33674768,0.45435819,0.19796484,0.54687211,-0.22924658,-0.31944340,-0.09076728,-0.68991244,0.05138659,-0.07762535,-0.04389798,-0.28150245,-0.08566011,-0.14276339,-0.23630051,0.07124230,-0.51416435,0.55824803,0.09004222,0.35313631,0.28538493,0.01314854,0.76422050,-0.33961841,0.25855398
0.14784723,0.77813487,0.60027036,1.52038869,1.82580535,2.09858288,2.62320852,3.51925678,4.19755219,4.37584678,5.35486027,5.38767256,5.86706071,6.25783062,6.42695251,7.38309333,8.17384264,8.69471696,9.40144730,9.26687887,7.04028353,7.25751109,7.25530982,6.86244053,7.04290769,6.59267326,6.56632938,6.64289153,7.14346119,7.50206446,0.15077077,0.06599123,-0.22679900,-0.25543754,-0.12274153,0.45140332,0.08114217,0.02689967,0.01485436,-0.21352380,-0.09732864,0.45014876,0.21062612,-0.46003770,-0.03617905,-0.73769710,0.10107528,-0.02822037,0.29676701,0.25359156,-0.36081583,0.19515346,1.03198825,0.80358476,1.26528593,1.03362999,0.76962087,0.70481045,0.64791644,-0.45324538,-0.19807998,-0.26635715,0.54796222,-0.09017691,-0.27301033,-0.63021593,0.22557955,-0.42150605,0.28956979,-0.51249691,-0.18581661,-0.04589625,0.32052427,0.09082629,0.18230665,0.54785153,-0.16152316,0.28529129,0.14517838,-0.00033856,0.29044081,-0.26317169,0.34231808,-0.27249578,0.53820540,0.43039370,-0.20900426,0.09168595,0.16842212,0.06002159,-0.58546721,0.23532619,-0.21170341,0.28422684,0.17308139,-0.00429216,0.06361762,0.03872659,-0.51744317,-0.22777284
