6.57010456,5.67306168,6.42164445,6.24631865,6.79550744,5.29402025,6.12874335,6.90700929,4.27844199,6.68418851,5.56587717,5.80901746,6.45300371,5.52709067,5.18484812,5.20169182,5.90059142,4.74897497,4.51011916,6.89685045,5.74219229,5.92230598,5.44693857,5.94873270,6.33050839,4.99650412,6.27950331,5.48104410,5.42661587,5.39722151,4.85614730,6.11648533,5.85678132,5.33478764,5.64000911,5.53254310,4.92991684,4.90187042,5.42327260,6.47913706,5.54670702,6.53499437,6.49248900,6.45531705,7.55398865,7.50499312,7.20639682,4.22190090,7.17118251,6.97701448,6.15881049,6.09944650,7.51613876,5.82269660,6.59481711,7.31008188,6.13906972,7.64835893,6.24032803,6.87555097,7.12620964,7.73185859,6.21817016,6.91271921,6.30090845,7.93721557,5.90619857,6.22568172,5.87206385,6.17863872,6.29523993,7.55880336,5.41254761,5.59554647,4.83791311,6.71165393,6.30178096,6.66138906,6.44227314,3.69722968,5.71682013,5.33886092,4.74122761,4.42521978,5.13268652,4.72726209,4.07622828,6.11597872,5.58127481,4.32298026,4.74503410,5.34413981,5.73884478,5.30413315,5.21208504,5.78452520,5.51829971,5.71770106,6.28832029,7.02261580
2.45381406,2.88008794,3.21770003,2.65708863,1.97228589,3.44300412,3.83294307,3.46766490,2.40505259,3.71787286,4.98564701,2.99266843,3.99892306,2.59119807,2.46120072,4.14625190,3.93533294,4.47779599,4.09540568,4.24147030,3.10575170,2.54707257,3.52266996,2.22989990,2.36700425,1.59789856,3.31127078,3.22909916,3.05039827,2.60504825,3.45393690,2.68129687,1.89053062,2.69320451,2.40357357,2.07699201,1.65665880,2.74660863,3.44057558,2.08749989,2.58095652,1.71657335,2.12850988,2.91184125,1.95066272,1.93920178,2.40288273,0.94442735,1.09569122,1.54246920,2.51684652,2.45143019,2.41015150,3.01017241,3.31406299,3.28732002,3.05119141,3.23127193,2.30846072,2.86085538,3.30520804,2.63218455,4.08857418,3.92698371,3.71570339,4.37690814,4.21768661,3.49458773,4.31379419,3.98578958,4.42045374,4.26249093,5.40510864,4.00131997,5.35594903,4.52470097,6.26879685,5.38769250,6.01074542,4.99240829,4.09384682,4.98559161,4.35323943,6.45400195,4.74225090,5.30743094,5.22271434,4.17043908,4.00715458,4.13133534,3.68117026,4.46069721,3.65961817,3.61016772,4.07809776,5.03305935,3.79686474,3.52730279,2.67062987,2.41741642
0.54099368,0.80543747,-0.12806743,-0.68910899,0.96238603,-0.20892415,0.24034826,0.35696428,-0.17610141,0.44610850,0.89323641,0.53202743,0.35340770,0.35716456,-0.53565559,-1.67965199,-0.19514097,0.52192869,-0.08034530,-0.63860403,-0.53624260,1.53992282,0.10895241,-0.30720923,0.49109355,0.62806215,0.05351134,-0.03208062,1.70556213,0.98264281,1.18954468,0.98920469,0.73311540,-0.23949705,1.13122137,1.12514915,0.83986459,0.04972020,0.54248193,-0.02549648,1.75926614,1.74761602,1.61622576,0.97190120,1.19628966,1.97839801,1.13997561,0.67786947,1.53427948,-0.55331045,1.35028945,0.58673266,2.13943368,1.31028091,0.59966721,0.50255759,0.89618725,1.94134672,0.38476689,0.30820073,1.27347575,1.47684751,-0.99933077,0.52767658,1.30354446,0.84239350,1.67752770,1.01136019,0.14072367,1.97004871,0.96395125,0.76750803,2.15671984,0.83226276,0.76414841,1.95638527,1.41241496,1.12643198,1.89340126,1.96006649,1.44139153,1.38575446,1.85887772,0.85813841,1.20689210,1.79527895,2.26556251,2.31363854,1.94126896,1.14004280,1.25291917,0.65009268,1.24311977,1.05770429,1.02352993,0.13726408,1.15513765,0.45681018,3.09430062,1.39935948
5.04014024,6.01644666,5.78683664,4.95327034,6.04065271,7.33476051,5.89779053,5.42732756,5.83988367,5.17499553,5.70329594,4.12635299,4.76390884,5.78874510,5.48521337,6.23626234,5.32646176,5.77324869,4.97735303,5.71033330,5.62341584,5.94123497,6.81037948,6.13252437,6.72195912,6.82830947,5.16491128,6.76602489,5.44145939,6.80193491,6.32923749,6.32169867,6.36108698,6.18444298,6.64790834,6.68944258,7.20858324,7.64760226,6.88715289,6.95039740,7.29070106,7.36129058,6.78046823,7.22783913,6.38362622,6.64799709,7.08576118,6.82136447,6.07483408,6.56646462,5.53532117,5.85702141,5.09101487,5.92991368,6.22681201,6.69966752,4.51714074,4.01120085,5.13845042,4.34462322,4.67220269,3.50368057,4.52260536,4.21008979,5.93534692,3.84693671,5.18966263,2.06399972,4.59425765,4.49332658,4.79116971,4.69571039,4.76125755,4.98954681,4.61156591,4.83749787,6.05545572,5.31865429,4.56738910,4.78692287,5.18544374,5.94839255,5.27526697,5.84566498,4.97247707,5.34116587,6.42017462,5.58480536,7.43781129,6.06896506,6.77987855,6.43389821,6.55165659,5.97603537,6.40374279,5.69326686,6.60650387,8.25124253,6.99100658,6.10240617
8.98135992,9.36068135,9.75995298,7.99017865,10.59908709,8.86358868,9.02733346,9.72206924,8.90243507,9.76266031,8.02001148,10.02981435,8.58339448,9.30157859,9.31962046,9.21039997,9.56844030,9.64293830,10.19363652,10.85349548,9.60124262,9.58100409,10.49926024,9.60046459,10.16341850,9.64088483,9.63343433,10.12958138,9.50245040,11.15095876,9.55930866,9.87593601,9.55830987,9.86415254,10.01388137,10.19392685,8.70818291,9.04652831,9.35080114,10.24960741,9.04315900,8.15190110,9.98116266,10.03320734,9.80574714,9.91938506,9.91238382,8.46430171,10.04416840,9.51394139,9.31308410,9.40133284,7.95059800,9.05812059,8.53302034,8.78114708,8.53211421,8.49770093,9.83435165,7.86635888,8.23060803,8.51149138,8.61816060,8.01592213,8.81199440,8.15283827,9.12047304,8.74177146,9.09520297,8.37841098,9.36695068,10.17049745,8.92155498,10.13055115,9.67600661,9.40220095,10.52814410,10.08974395,10.27489261,9.84157423,9.48772450,10.44684686,9.41665882,9.98701442,10.04464925,11.14589362,10.19510634,9.70897274,9.73238612,10.74702838,10.12237585,10.98683653,10.81540572,11.27320561,9.60543673,10.52111035,10.00550016,10.50017831,9.57681165,8.62052251
7.37219938,9.23063038,8.44930122,10.11874062,9.08009195,7.65861004,8.63175137,8.40846448,9.36158919,8.66023076,9.00302620,7.16790003,7.78894934,7.41016604,9.28111767,7.62872908,7.76429132,8.94336273,8.06515291,8.27699400,7.93509425,7.95849262,9.02524014,8.04294686,8.05542775,7.35088488,7.90669970,7.28679210,7.18354360,7.90251428,7.15330549,8.12514345,6.09948934,8.38012846,8.22832548,8.50394640,9.04888384,6.50413038,7.22952869,7.88166218,8.04084781,8.28027257,9.24905033,8.41776899,6.70401108,7.95471999,8.44339738,8.48011274,8.15117901,9.01609298,8.80856047,8.57529029,9.71002517,8.56254276,9.16753240,10.32023312,9.52027106,8.81109432,8.49272379,9.06248876,8.93167310,8.96671435,9.00670622,9.48481865,9.17109902,9.28982727,11.08293458,7.98263950,10.24703206,8.65979292,9.26002312,7.19080342,8.71723288,7.91619900,8.58281331,8.36044753,8.20768311,6.62046687,7.81109969,7.28845381,7.09668941,7.81861970,7.10058740,7.93828083,7.01058337,8.48884530,7.54008694,7.77135777,7.47717204,6.44089102,6.89642540,7.51940373,7.35735087,8.18677521,6.37392718,6.74252426,6.91413077,6.68321629,9.05601356,8.31664124
10.97488615,9.87650284,9.87835106,9.61120171,9.64751883,9.02337944,9.97747238,9.09118415,9.52507766,7.98189942,9.00378242,9.14541308,8.43182715,9.24792194,8.80592599,9.62162883,9.27001544,9.35663046,9.11989658,9.38696146,8.14505999,9.89204824,9.89087448,10.13321076,10.29406919,8.56040112,9.36043086,7.80485821,8.49946089,9.64496391,9.68110686,8.34616471,9.02176150,9.07301442,8.28054433,9.30982098,9.04685768,10.24043753,10.07834811,10.23352638,10.29925848,10.73881453,9.35370712,9.59602986,9.43360505,11.55711746,9.59893888,9.43015223,9.54425347,10.56738342,11.95571295,9.98329978,9.62420631,9.48356481,9.89606496,10.89530929,9.62766046,10.22739140,9.90203056,10.92596181,10.85651197,9.95499965,10.55010363,10.70979439,10.72353271,10.62785640,9.76390174,8.90099680,10.46227153,9.36432217,9.51935289,9.60258521,9.01038191,8.13228660,8.41550087,8.71594580,8.60686049,8.10479649,8.14744047,7.34816139,8.92799812,7.95331583,7.31431560,8.02120605,8.26734209,7.98215096,7.62233361,9.27362781,7.39001821,6.96073159,8.07765677,9.42165796,8.35738863,7.32349261,8.51886996,9.83097575,9.48073239,9.69196710,11.29192336,8.76962230
1.34091452,1.61418078,1.77302179,1.34281925,0.69029306,1.37925697,1.03294984,0.84677443,0.81576328,-0.27008296,1.48920292,1.47732085,1.05600909,0.68015525,1.58820393,0.97304656,1.76782553,1.37880974,1.65247642,1.21422294,0.99775421,1.92550840,2.56652124,1.76436934,1.99337047,1.62740100,2.59623462,1.31456603,1.71986427,0.71330800,1.84937378,0.81735699,2.26601908,1.27076402,1.18367041,1.29987681,1.74428862,1.54523936,1.89273373,2.13711739,2.42126463,2.10898699,3.57703672,2.91202459,2.21021624,2.40888483,2.89383620,2.62428489,0.64152647,0.48785345,3.39816367,2.03199413,1.68758137,3.36268508,3.14684121,1.91108350,2.04843749,3.16511084,1.86344949,1.87090358,2.19305999,1.95315638,2.39748663,1.62579401,1.63741351,1.80950339,1.98532285,-0.10371252,0.89879566,1.98687871,0.71928846,1.18279552,0.14243810,1.28852691,0.93058995,0.39894257,1.72359786,-0.27432741,0.32955065,0.63538400,-0.32569967,0.93553032,-0.18280864,-0.06259556,-1.55454880,1.11361909,0.37370356,0.73876033,1.54620226,1.45691398,0.95815598,0.22285361,0.70362195,0.19184175,1.34982957,2.36415426,2.06402382,1.34043085,2.22214409,0.81084700
8.53668105,9.37366131,10.69237961,9.54087400,10.15461426,10.00957785,9.00295555,10.02762229,10.22420222,10.04389971,9.08979992,9.25503840,9.78923067,9.80778883,7.51653192,9.68604849,8.73178703,9.15971633,8.87524547,9.83544943,9.74013452,8.28850053,9.63105209,8.09890441,9.92500905,8.37799570,10.11092222,9.55321845,10.26851651,9.66096950,9.08396300,10.14309605,8.86628049,8.82141665,7.92143458,9.27069242,8.48215284,9.31856273,9.41940495,9.45559403,8.85962987,10.58468679,9.85837803,9.12167922,9.10082816,9.58638689,9.46299100,9.66565518,9.40958997,9.67820622,10.05887967,9.89557540,9.41493848,10.56992317,11.18680164,10.53140876,10.73070135,10.45824813,10.72647181,10.72078895,11.70334932,10.36006730,10.26375447,10.79958061,8.86806243,10.29325842,9.88691462,11.59678699,9.44426261,10.40032707,8.48136239,9.43507410,9.80923935,9.15444718,9.49341670,9.09651522,9.61071119,9.69345010,10.46184738,7.98719353,9.83505250,10.76282725,9.22005431,9.56002169,9.30036153,9.00330834,9.26779077,8.54458539,8.10483167,7.31934222,9.56316654,8.20435002,8.50440519,8.50761986,8.53678974,7.49001639,8.14128440,9.37380944,9.04175513,8.82113862
12.84374886,12.18818785,12.65838002,12.47532911,13.06344728,12.36935007,12.46208358,12.37709018,12.68501940,13.43213534,13.53775724,12.87522225,12.31551312,12.59439427,12.72965657,13.43011703,14.50247890,13.11792133,12.60301634,11.71084044,14.41139374,13.24725573,12.21122703,12.39361116,12.64988827,11.06654704,12.84107100,13.09317348,12.07465379,11.71832296,12.23321513,11.73258620,12.63525628,13.40273329,11.61704353,11.94399349,11.56809197,12.44882007,12.99603510,12.03907049,12.69144244,12.70517727,12.87403528,11.20384500,11.53682738,12.46809425,12.37737236,13.00657500,12.50556059,12.92686917,12.32306673,13.96725533,13.44560087,11.97165293,14.07730262,11.68924575,14.35240792,13.84870821,14.64761764,13.15895084,14.35647039,13.75338851,13.24909662,13.85361759,14.02033885,13.26753039,14.03040301,13.28358151,13.51842418,14.74606044,14.99543312,13.96407873,13.41897402,12.36561991,14.02609378,12.54928864,13.77089310,14.03617607,12.76784363,13.88731051,13.83664332,11.99645320,11.79221197,13.53629674,13.66897558,13.72848460,13.99027639,12.05316620,12.96874876,12.59189779,12.39941957,12.14893722,12.59697927,11.50763712,12.27886732,11.80318988,12.96800036,11.25264557,13.09169738,12.72889938
3.85128517,4.38648099,4.01819083,3.48074229,5.18516562,3.96752238,3.97182693,5.18367751,4.45546789,5.55237257,4.77087106,3.57085938,2.77002599,3.85998827,3.74256446,3.53527377,4.53528784,4.39888634,3.72348561,3.72488105,4.33839239,4.16680844,5.08813037,3.67569513,5.16537981,5.80449546,3.22772679,3.71369979,5.08907125,5.18560231,5.39367262,5.67496422,5.93395857,4.89593186,5.51162964,4.28841753,5.07140777,4.51005121,4.53051571,4.33514450,6.43965044,4.82874302,5.97906745,5.16443226,4.92184619,5.75657263,5.30338551,5.55691151,5.62489923,5.39912264,4.79813506,5.63268801,5.18549678,4.75817494,4.04327086,4.71837451,4.98794096,4.71295448,4.92728746,4.40862146,4.18975867,4.07691430,3.66565267,3.92784049,4.53848801,4.09393816,3.96270411,3.78731066,3.40461669,4.38470502,3.93677254,3.52701380,1.69757123,1.99468221,2.12309146,2.70511706,2.42776792,2.52821353,3.31467099,3.45616936,4.07785719,2.21926492,1.69407932,3.73015567,2.81828846,2.36533432,2.63230427,1.35164924,4.80373938,2.68995035,3.47209891,2.81799984,3.64440573,4.10497309,4.67891343,4.04563625,3.01510824,4.60397733,5.10981134,4.82330919
6.45693610,6.03255401,6.25960796,6.92337623,5.19936298,5.26001002,6.86072243,4.98286699,6.31251054,5.08438189,5.89652567,4.87260998,5.78145495,5.85520106,6.41875691,6.17146776,6.34659682,4.14000313,5.47686264,6.17809081,6.82782222,5.90277096,6.91122775,6.76940899,5.45018053,5.79770169,5.31340498,5.23963555,5.81280892,6.24876647,5.44220376,4.52691048,6.51882035,4.87149305,6.17218175,5.64806189,6.10652318,5.77053586,3.73359223,5.74373954,4.91596409,5.29969837,4.71661899,5.00380531,6.06928560,4.64682459,5.46931300,5.64484291,5.84699218,5.22084218,6.26064607,3.95947442,5.03099650,5.56315963,5.33035146,4.68201846,4.42407387,7.47049678,5.02470064,6.21473757,5.78275139,5.08942770,6.89665237,6.67414620,6.02969358,6.54436515,6.53105006,7.71189132,7.44621541,5.79158827,6.66554332,7.79985331,7.75529716,7.86887196,7.76853226,7.89697571,7.15849747,7.49550282,7.46300735,6.85680892,7.83461457,6.53187302,8.80479111,7.34504489,6.86073881,8.27834718,5.78517380,9.63931069,7.30731693,5.63759664,7.99265031,6.24488239,7.12048879,6.87924675,5.87595303,6.30044768,6.37343385,6.07492824,5.14384639,6.82952602
3.11161585,3.43359917,2.28167183,3.55555272,2.90726325,3.40480873,2.29155640,3.92522742,4.56450041,0.87300034,2.84798755,4.11915962,3.86190364,2.09080222,2.33542820,1.90980068,3.25135281,3.41144337,4.15005982,2.91935558,3.18770896,3.43658275,3.87453635,3.15712913,3.11228711,3.05641856,3.59850540,2.18625094,2.61916844,2.02364804,1.65605339,2.77077267,2.02497118,1.93748787,4.16150891,1.91236385,3.41455371,3.87873109,3.57302320,2.62698520,3.12039812,3.30467542,2.78755376,4.92281595,2.96425896,2.75447772,2.68866430,3.73893923,3.77674476,4.13741509,4.75193810,4.05586229,5.15090418,4.54806326,4.71972897,2.83716870,5.45350298,3.73014247,3.25482436,3.62632787,3.57738850,4.13179725,4.65560456,3.90771884,4.24733658,2.38892508,4.08781691,1.94479277,3.22380209,4.36280035,3.30638650,4.01436155,2.87519735,2.74133840,3.08403486,2.65911991,2.44534705,3.49163828,3.29977876,2.31415941,1.73710051,1.95813051,1.91194410,1.64153921,1.71130250,2.64700558,1.08174318,2.27004110,0.98130445,1.73832109,0.64164434,2.22437082,0.94567200,1.78832075,1.96145741,2.77478553,2.05673129,3.85292606,3.17205325,2.72124563
7.81024186,8.82078352,7.66698742,7.14965894,7.83263793,6.86960164,7.86480601,6.88565042,8.06434216,7.83728259,6.83294049,7.80197625,7.81452458,7.47528257,6.72091554,7.75325245,7.72011259,7.54562874,7.26943859,7.15424188,6.41748453,7.75036652,6.82287460,5.30978617,6.95678213,7.62990022,7.64274662,7.82854408,7.32134466,7.46804373,6.95463663,8.34235342,6.77509738,6.86876408,7.66127813,7.28424889,6.71963700,7.97840661,6.48367508,7.05217728,7.40870857,6.82695833,7.39025167,7.48856833,7.43063027,8.91874536,7.40543859,7.46400443,8.09106572,7.13275488,7.81871877,7.27588655,8.26497001,8.79275151,7.44519362,9.28964828,7.78323960,8.21808655,8.67125318,8.46037130,8.35710459,9.35012860,8.78879750,7.64434250,7.58153225,9.17461050,8.13948027,8.40441475,9.39338377,7.68511303,8.86206995,9.48834810,8.77991322,8.55608451,7.00690861,7.73520855,6.55372135,8.83335580,6.57336196,7.13591714,7.76911653,7.30911601,8.13262200,6.65685982,7.33685048,7.49877833,8.05958255,6.40725475,5.73544901,5.99505723,7.76529181,7.00767343,7.83731056,6.24584836,7.35738368,7.36023021,7.70088421,7.28172845,6.51033783,5.93030378
8.00212455,8.64642408,10.17409198,8.47618477,9.75576925,9.86296207,7.94070060,9.16884780,10.26506950,8.29321574,8.82379232,8.88745440,9.48605976,8.96716153,9.73806370,9.31441761,8.70463238,9.98044787,9.14977829,9.65769325,10.40576450,8.05781276,9.83096197,10.52506481,9.82404365,8.72735039,9.35600507,8.71216209,9.46967189,9.64784981,9.81627459,9.17453419,9.41952059,9.66762400,9.96329193,9.31583823,9.49344922,10.60021067,9.87173485,10.63437695,8.63961798,9.05078736,8.89541188,9.17562932,9.20433435,9.53138031,10.08556083,8.33538768,8.05813161,9.12162830,8.16449344,8.78144866,8.97256718,7.49280102,7.79752613,8.87923372,7.26572841,8.30599365,7.93759957,7.89475639,9.31902338,7.61734687,9.16987908,8.34973916,8.13943494,9.52744986,7.62735690,9.07415827,7.46825051,9.75678236,9.37084003,9.53352080,9.00242508,8.74422377,9.19331111,9.57262957,10.21963991,10.33605847,10.01548763,9.61974084,9.66623539,10.79126339,10.13706617,10.00088852,10.98327662,9.35046441,9.94542165,10.77544892,9.65809420,10.15961258,10.55662921,10.24347008,9.94729487,9.47311920,10.26413604,8.92260714,10.27526247,8.57978076,9.84652240,9.00238081
7.77931508,8.37335038,9.63497002,8.72398352,8.80495596,8.33500765,8.31748752,8.14103688,8.02541787,8.58676436,8.05234180,8.02510938,9.47037017,8.05915563,7.44252070,9.19965009,8.48327065,8.79183210,8.01380247,9.15869392,9.74394362,7.41361936,8.36388784,7.79051654,9.02898780,9.70442270,7.55798690,7.45063860,6.24039023,9.03204308,7.28208199,9.01765056,8.58897957,7.90751160,9.86196262,8.20479315,7.92669854,8.42458156,9.83198006,7.76899888,7.67886391,7.05196226,8.10580254,7.15497227,8.07876348,8.26145467,8.63577219,8.25724692,7.25079403,6.56770709,7.78092048,7.59540507,7.82360033,7.64436397,7.01870803,7.81066455,7.38582779,8.35285477,8.55442255,8.67221223,8.87816904,8.01817796,9.02884937,8.47327619,9.25856312,9.54034287,8.88748996,8.03737398,8.70463106,8.58762532,8.85075942,9.45599424,9.79095886,9.33854474,9.98756930,10.45742118,10.14096912,11.66367951,9.93670174,9.90010239,10.44993395,10.04924269,11.16305564,10.83288692,9.80282218,10.79982507,11.37886435,9.50898600,10.73433389,11.44883954,9.40962557,9.68833578,9.00088439,9.23252518,7.73425693,8.98720432,8.21278462,8.12164379,7.81917323,7.37874832
9.50555343,9.29854618,9.09392346,7.53122237,8.94212181,8.38347406,9.00751344,9.32476985,7.68085140,8.29413410,10.25141458,10.01881469,8.58459213,7.96084664,8.78677011,8.17680456,9.93515491,9.78470047,8.89852895,8.60586650,9.23511316,8.40502355,7.97365407,8.43096455,8.01509465,7.40442798,7.37172489,7.89034897,9.16925003,8.57665909,8.42961778,8.87226769,8.12620172,9.26147785,8.30560136,8.27402905,7.84695811,8.63133574,8.25975403,8.40813522,8.74713426,9.13156238,8.33712694,9.29585744,7.59434489,7.04179604,9.42289967,10.01585413,8.42414300,9.28832762,8.29197668,8.73525573,9.09667634,9.18874303,9.44571377,8.95249943,9.63605682,10.23583594,9.11403809,10.59897844,9.52675176,9.77068192,9.42985850,10.87332106,10.45132097,9.98112274,8.85405764,8.73416068,10.89359174,9.48878492,9.90422301,10.29743091,11.09346940,10.61975374,11.15382843,10.22733473,10.40286329,10.97528813,10.08382148,10.76538015,8.81785380,9.79494833,10.33717399,9.98675560,10.63471638,10.61035913,9.68922952,9.15811490,8.35360100,9.69854349,9.80975972,9.67763518,7.97634788,9.06175392,8.62329992,8.73127934,9.43716896,8.97402221,9.07397595,9.04954342
11.56071716,11.86191435,10.31128856,10.21852450,11.84880058,11.03130300,10.63025242,9.99537121,11.27487555,11.40344611,11.20860641,10.41249557,10.80630037,9.90593189,10.70702443,9.54169653,10.52042438,10.75445747,9.99635658,9.49362997,11.26543382,10.94481520,10.05560746,11.19200630,9.61781639,10.34361112,11.52198565,9.45932797,10.34919534,9.40316997,9.08113850,9.51201925,10.47887311,9.31790001,8.31896603,9.13637190,10.62482487,11.11278528,10.03265209,9.94191425,9.73706803,9.06645439,10.20185162,10.33203076,10.21329202,9.85402899,9.87529014,10.08663585,11.82979527,11.19633501,10.32479429,9.41483305,10.49967243,10.29719947,11.06145335,9.37962495,10.64729026,10.23114736,11.21801881,10.11410103,11.49202709,11.98221914,11.25345735,11.54482560,10.67188759,11.23844349,11.23023179,11.38257412,12.21806798,11.58425787,10.52589708,12.70960595,10.74053431,11.48434227,12.96961504,11.08264965,11.87633207,12.05842420,11.21666050,12.66887192,11.78907815,12.68447180,11.97042544,11.33461371,12.05489191,10.65736475,11.97710089,11.12025738,11.29044461,10.82670622,12.05881563,9.43057419,9.61823804,11.28208771,10.98030523,8.44234135,10.13382101,9.49997135,11.19637204,10.02219164
8.31465261,9.15651955,8.34552802,9.70041847,9.56598995,7.58177964,7.79159786,8.84291900,8.97125984,8.75012503,10.26866745,7.76832665,8.82179647,8.58701443,8.36153952,8.13502826,8.45799036,8.45194870,9.33396933,8.73057678,7.30608337,8.64366498,8.56291156,8.77441176,7.46857339,6.89612003,8.29817220,9.06696165,9.71433333,8.47398811,8.88670198,9.50655330,8.44877434,8.55042364,9.40280600,9.10834943,9.16019573,8.96118051,7.46100238,9.68008329,8.34697188,10.07626055,8.71658817,7.72502181,9.11410882,8.80231297,8.84342325,10.07248253,10.56794960,8.81178609,9.02330674,8.23006175,9.60468218,10.16775655,9.15692290,10.59581271,9.73374584,9.57714796,9.65287342,9.64078269,7.94544173,8.28915700,8.76957680,9.97076043,9.75295519,9.85646387,9.80271830,7.94427942,9.25450051,7.61789700,7.44901435,7.86061722,6.98387859,7.68614462,8.11779214,6.95189991,7.92678727,7.91064528,7.73368557,7.01187144,7.85824680,7.64790559,6.77429908,8.25999453,6.77650287,6.15332975,7.31012175,7.62903843,5.66171840,7.52069076,7.14254419,7.10466776,6.78496932,8.08569755,8.94388163,7.25775042,7.92421561,6.99628531,8.45202315,8.88607109
8.76338793,9.26089483,8.91393451,9.18326772,8.34240122,9.18488857,8.56543701,9.10384219,8.35781892,9.49985090,10.04604267,8.77959684,8.82913458,9.06776210,9.36946436,10.52784569,10.07220988,9.90985637,9.69609166,9.59647690,9.34749471,8.67148233,8.61957057,8.56905816,8.07352904,8.62149732,9.15695887,9.01190644,9.08469604,9.09125059,10.08787928,8.97583079,9.90086349,8.54478244,7.88310634,8.41240931,9.07968133,9.02161873,8.99444061,9.62756335,8.79162960,8.76451330,8.29823629,8.15422884,7.30785350,8.87943753,8.91730400,8.53415679,7.40499228,9.14111250,7.71782974,9.05020330,7.60721397,7.53361587,8.84110134,8.43121850,8.03932513,8.45198543,8.45356106,9.58744666,8.37702547,8.16693594,8.47321848,8.11331507,7.81954498,9.21485430,8.03704837,9.80215629,7.81084561,9.42614722,10.18043134,8.97381496,9.08883835,10.30794901,10.55303558,9.77614137,9.37323507,9.66361464,10.65186377,12.35995512,11.29316045,11.21398193,12.12737380,11.80576529,9.56871312,10.47096371,10.16141492,9.83530368,11.09069427,11.60768089,9.87883528,10.87498570,9.46042896,10.67186672,9.74697140,9.85949657,10.22992295,9.50836550,8.60967568,10.17778402
11.43675096,11.87864517,12.82436336,11.21095408,10.80130592,11.13983673,10.64429765,11.77733677,11.89011998,10.83831005,11.88370299,11.28883479,12.33916304,11.89291476,10.50509694,12.18904995,12.65182457,10.85936188,13.63960575,12.26286786,11.46797547,10.55376221,11.96021712,11.94079854,9.95261022,11.83233606,10.77443899,10.98891169,11.59506833,11.96879982,11.01010749,11.73099980,12.94975006,11.81097494,11.06433514,12.26016838,11.18050674,11.77216867,11.25680621,11.98891464,12.42926881,12.45121187,11.38551564,9.35391469,10.31273242,10.43040351,11.73909308,10.18823225,10.25221820,9.25980285,11.15220835,11.73159905,10.43863816,11.26714060,10.36656979,11.57281542,10.92960633,10.40285206,11.59787810,10.78094306,10.31631512,11.00991097,12.42103780,12.61882247,10.64234593,11.87443963,10.88115670,12.04114040,12.05066362,13.08700705,12.47764571,13.10259150,11.93371097,12.47905408,13.67160225,13.71631352,13.15696613,14.05743488,12.95870295,14.32819310,13.54738829,12.24702174,12.61193377,13.32334818,14.31081857,14.78830359,14.58457568,12.76095817,12.21969176,13.01495444,13.91522888,13.05444253,13.28652797,13.26209179,12.28565636,12.12038456,11.88997886,11.99347888,11.25351218,10.92679527
4.14372841,5.35720207,5.53351713,5.99399975,5.06454936,4.99097872,5.10564601,6.79128547,6.34608950,4.93255835,4.82710025,6.01627827,4.64675810,4.70962221,4.96634357,4.95411074,3.86729109,3.90028774,4.72591552,4.58048997,3.54665646,5.91001558,5.52535867,5.52321896,4.93985271,5.12325297,5.61835994,4.95404261,5.05268038,4.81822343,3.81018156,5.91430449,5.07871816,4.47816147,5.78210962,3.86721415,4.75899856,3.82354329,5.61083786,4.43334033,3.93386111,3.70161038,4.19660292,4.59650245,4.43011328,4.80854103,4.01396167,5.08086814,5.09764453,3.27763746,3.89706383,3.92336873,4.99440815,5.08606773,4.97704418,4.54344075,4.73066415,6.08663413,4.52232576,4.31284217,6.05460682,6.02775329,6.19994211,5.50186705,7.00923966,7.18586753,5.02750490,6.15880737,6.83356497,6.85438394,6.81974758,7.17494762,7.29270735,6.43482806,7.29366513,6.45308870,6.05089036,5.88677177,6.51717039,7.11006906,6.63347281,7.13816120,5.91470337,6.60178053,5.41055669,6.65250932,6.28238578,5.54208935,6.59366932,7.05914442,5.20351859,7.07324170,5.91378833,7.07915003,5.99409612,5.56306310,4.35157677,5.02133782,3.86713655,4.18527007
4.57948528,5.09105319,5.51818913,4.98476698,5.80732994,4.64311783,5.15167230,5.13252031,5.01143460,5.55101730,5.42170779,3.02847351,6.13282587,3.13811453,5.21490756,5.29080739,5.17056251,4.85300833,6.26841265,4.98879898,4.67514801,4.98840199,5.18375106,3.33096547,3.91131800,5.03048459,5.35248352,3.59906162,4.57389442,3.67055826,5.14204768,4.13904273,4.38949575,4.75946430,4.69439818,5.26237627,5.48376230,4.80180594,4.25672846,4.52377211,5.88340616,4.31551480,6.40757406,4.40992980,4.59201686,4.51434440,5.40929530,5.79272494,6.00869915,4.93775684,6.12877148,5.72877351,6.28136602,6.32064712,5.16011722,5.98194625,4.98027895,5.51748367,6.25355030,5.65413565,5.88627557,5.89168061,6.43167799,5.18657306,5.60530668,7.51871740,6.11149562,5.35590080,4.56878294,3.73993200,5.22119722,4.94131031,6.06473711,4.94980692,4.33841191,4.22978454,5.24069837,6.53208688,4.53674152,4.03417718,4.34505478,4.05917728,3.54186334,5.02057326,3.76928931,4.10032267,4.71947816,3.95067638,3.93924335,3.58464315,4.57313859,3.72349637,4.83449660,4.03314484,2.98908206,4.76129989,5.41574906,3.95302431,3.69481848,5.78635299
10.95088344,11.47754665,9.95893395,11.24925704,10.22735878,9.26799196,9.82623313,11.18263677,10.82013433,10.74220137,10.54647671,11.07631675,10.45169581,10.61121453,10.68594404,10.62016720,10.39297836,12.80654352,11.59839269,11.81700245,9.29595142,9.58931042,10.58126300,9.35705537,9.98696221,11.36268559,10.66535857,9.98118065,10.58941347,9.46634743,8.83918295,10.42202721,9.74202651,9.59614322,10.33374826,8.98672936,9.93651093,9.94333898,10.15574245,10.34542891,10.53742464,8.97475716,9.84423351,9.15702064,9.86539188,9.41926666,9.06901784,9.83328158,9.84040948,10.06663816,10.62892092,11.06720611,9.21690912,9.58250499,9.65273454,9.68980019,9.18861913,10.92203723,9.07892558,11.15058848,11.30507808,11.05591531,12.28293956,12.36890410,12.60463571,10.94682428,10.18414468,11.52362527,11.42553730,11.88542702,12.44839258,11.19421535,9.71647901,12.25825766,11.75746011,13.39586915,12.62820283,12.71331243,12.12055584,13.63923202,12.56181425,12.77700007,11.17389746,12.70956855,12.75276082,12.81161307,12.75856700,12.76514912,11.96766244,12.08263139,12.54061544,12.50555296,10.57663798,11.10880344,11.04447415,10.68153243,10.80461710,10.25244577,10.38210597,10.12115359
14.29533325,12.36115735,11.95268965,12.36348934,13.12527966,12.09000505,12.03430842,12.91231475,13.76719043,12.20857073,12.12216417,12.00784738,13.72317369,12.52557069,12.65745647,11.73764600,12.31620201,12.27151991,12.77841277,12.79800010,12.27628460,13.45048291,12.60290181,12.70081265,12.47991488,12.88469364,12.26632977,11.93814620,11.05899864,12.41518559,11.29524112,11.24970511,12.91619053,11.96506787,12.10488764,11.11158617,12.68239632,11.67439107,12.66626449,12.29422391,11.98086341,11.80508145,11.55141067,12.72907207,12.31206070,11.74167542,11.86492650,13.36882954,12.66489883,12.23996489,13.38834048,12.46514541,12.88393182,12.86183952,14.06638733,12.33244939,13.20507135,13.29087325,12.74313348,14.35013915,12.12353449,13.84941340,13.27442987,14.32791813,12.89293855,13.90279271,13.83813047,12.80993184,14.69614596,14.40953057,14.76803902,12.31622220,14.69712598,13.82880441,14.46179056,13.52374243,13.49173552,14.82251114,12.95181092,12.36258162,12.89667319,13.74251878,12.90724823,13.47525591,12.94382307,12.07124638,11.97203428,11.69795466,12.00627868,13.70083897,13.02553839,12.48646182,11.77660201,12.43231197,13.18833791,11.77243997,13.07167543,10.65150924,10.97404212,13.48688989
8.97393801,10.44509244,8.19506396,9.10874543,8.70983580,9.07314017,10.40951522,8.74085179,9.20219881,9.94264800,8.41879834,8.85053473,8.45074673,8.65815061,9.57300438,10.20848358,9.35436273,8.43842999,9.69727362,8.55359579,8.79086583,9.67977413,9.12685785,9.97445180,8.77908952,9.36748092,8.76688781,7.51782034,9.47585036,7.96361558,10.05990240,8.86129644,9.85676847,8.63244851,9.29564288,8.75615810,9.04362847,9.56775158,9.66985473,9.60119215,9.72410090,9.35916327,8.67775319,9.72333979,9.25169134,11.01583826,9.90229753,10.88725003,9.91909271,11.39881287,10.76765064,10.67179498,11.07071702,10.04259841,11.30662051,9.43412745,10.63818634,10.51071996,11.42842708,10.79037945,10.98023290,10.64941672,10.42225625,10.52109428,9.11962629,9.28592760,9.52472628,10.24333768,10.76910999,10.00162135,9.27858137,7.58991889,9.91614384,9.30370140,7.41550777,8.17017083,8.35204425,7.52023140,8.41184679,7.81412823,8.78116093,8.07008800,7.85436018,7.43730045,7.39891989,8.34068759,6.85126305,7.77069759,8.53667239,7.83624208,9.43918207,7.93538385,9.62296491,7.34701334,9.32442318,8.83392257,9.13209106,8.80778386,10.13545606,9.64150502
10.93580007,11.06439761,11.40830606,12.37180641,12.16785268,11.12194825,10.85064209,11.38578846,11.50059091,10.75020536,10.61612039,12.16607818,11.00567177,10.64261074,10.68295616,11.60696616,10.97658861,11.67248573,10.92498663,11.93799428,11.03122068,10.14119032,11.94795151,11.64218141,10.83321461,10.55205100,10.62454377,10.97988012,11.37915738,9.81736871,10.08924212,10.57005326,10.20454743,10.97776156,10.93975262,10.59243282,10.58938544,10.54484123,10.11118988,10.25959201,11.08549900,10.08167240,8.89876499,10.83765742,10.42272852,10.74648205,10.84447060,10.14082194,9.95317710,11.69771375,9.58239667,11.70940210,10.72380987,9.75531094,10.61783362,10.51677398,11.81252028,12.06022570,11.53188584,11.08435601,10.93621002,12.63230050,10.49258157,11.37915194,11.89759517,13.37597040,13.20674759,12.10780080,12.80204945,11.90578757,12.47570374,12.03600896,11.48134647,13.47533030,12.86022575,12.31504471,12.25037612,12.54134029,13.02259737,12.82657232,13.60591460,13.88557509,14.69968101,11.23512117,13.33716109,12.62611111,13.29294076,13.56053157,11.08557890,11.70975920,13.21825828,12.34329851,12.03692184,12.61260611,11.24811868,10.80462541,12.42585003,10.48140439,10.72363714,10.80074414
5.80795463,6.96065908,5.13928933,5.24764967,4.78981911,4.89250323,4.59074213,5.25952508,5.91431582,6.01426041,5.95372132,5.27260142,5.27546113,6.77826241,6.13150375,7.40765410,6.45131065,5.14191599,5.99743850,6.98006922,5.59737782,6.16080259,6.41417104,5.75692146,6.37009664,6.62283002,6.78756829,6.42187100,4.61401937,5.13497588,5.71860805,6.19684860,5.80828109,5.88389753,4.33942914,4.22004140,5.26472940,5.48976630,5.61744733,6.08161049,4.60737686,3.81507077,4.19010235,5.58794853,4.25313032,4.83040029,6.14290006,4.83969535,5.57433946,4.30463781,5.34026994,5.05241744,6.06079774,4.61716861,5.15203701,5.39560723,4.17231303,4.99649417,5.35561366,5.42440502,5.73539389,6.13907877,5.72741919,6.59920613,6.03076391,5.73344072,5.64216432,6.66997728,6.35872289,6.34224804,6.40835882,6.92642592,8.90405095,8.02169483,7.26970286,6.85108841,7.74929445,7.58189047,6.92613615,6.87804384,7.18001610,7.30803443,7.49244233,8.63767915,7.98412936,8.49060718,7.87363829,7.13928440,7.51627067,7.92727442,6.98858386,6.92250994,5.88350549,7.09356110,5.83332741,7.14447045,6.09963658,5.30013147,5.52443790,5.27693988
5.08077947,3.47501624,5.32227113,4.54727639,5.56274429,5.02432495,5.40941061,4.36097752,4.09647795,5.32981973,4.87847161,4.57108874,4.94839010,4.23522806,3.74129976,3.46944910,5.31442211,5.83273775,5.45721138,4.73581356,5.22036989,4.42150925,4.51156080,4.25749294,4.32567559,2.96738796,3.90396359,5.11783193,4.49622154,4.78553670,5.36283801,5.11841196,2.83608315,3.81027942,3.97807005,5.80871704,4.65772738,5.78299382,4.41302040,4.95447717,5.88835589,5.40183517,4.51786299,6.22337505,4.45143999,5.58646464,4.46976647,6.70579231,6.96099211,5.45768308,6.92008392,5.79296175,6.54049939,6.44374959,6.55283539,5.97473943,7.04505114,6.11912971,5.45633678,6.04016709,5.15406784,5.57737434,6.28551482,6.21431192,6.84515837,6.97897863,4.78598204,5.19437061,5.65173100,5.75007049,6.53729597,6.04644328,5.34211177,3.70034376,4.80907823,5.30829430,4.95652614,5.75491100,5.89341269,4.48332290,3.73793532,3.90409006,5.44821867,3.57777663,4.45303966,4.14456652,4.41926011,4.15937902,4.14436367,4.21708715,3.35977338,4.14196571,4.81237909,3.48763300,4.66575234,4.00995757,3.87138608,4.86433623,4.13440372,5.03937340
12.10185303,9.89699933,10.89299028,10.84137552,12.81990570,10.18010467,11.00884192,10.05932808,11.64486461,10.38885218,11.46761211,10.77979728,10.09330372,10.78894134,10.03031865,11.82769909,9.95921133,9.98067694,9.77426020,11.08185752,10.22819690,10.54516338,10.40113837,10.79350558,10.11820210,9.23865076,10.67025785,9.24380534,9.33343601,9.91507041,10.13555059,10.25411559,9.55447294,9.77630553,9.56178503,10.24214243,9.92452413,10.54722134,8.55021689,8.71824582,9.87678774,9.78510833,9.97870263,12.13427731,11.42402553,10.00322327,10.85661899,11.23333823,9.61913702,9.82089124,9.87362020,11.38611030,12.13618031,11.46506363,13.01653353,13.02447204,12.18757078,10.50639116,10.61766984,11.86472475,11.02607174,12.57861002,11.01170610,11.30461981,12.73765953,11.00020951,11.74505483,12.60491671,12.94821273,12.49129837,11.81188515,11.39738399,10.44280794,10.79544510,11.88768016,11.73276718,10.70649843,11.29083610,11.04699131,11.17734903,11.29353971,11.24651454,11.15110689,10.97457939,11.26069400,10.54717590,11.35510546,9.52970771,9.69852511,10.14642779,8.74600852,10.52526212,10.64230396,10.77771291,9.52583866,9.83938799,9.82969604,10.62672875,10.43834644,9.04241479
11.04012691,9.50720133,10.34223423,9.42849838,10.39173647,8.11647541,9.68000231,8.36016600,9.61913550,9.90763874,9.46050979,9.43913230,9.65194112,10.51105711,9.85269852,10.19525777,9.10324248,11.22878595,9.56713540,8.82954437,9.99838401,8.44483297,8.13195474,9.18789427,8.12908234,9.59191317,8.90109070,8.63763288,8.16971825,8.04675906,9.02736202,8.45952544,9.35438943,9.11561756,8.26836041,8.25004107,8.24003754,8.50395677,7.77135852,9.30285493,7.64824606,8.94550779,8.46966524,8.89013561,9.82621397,8.40630974,8.29103065,9.39302375,8.72369425,8.53813941,8.56968749,9.72736227,8.62093445,9.45356279,9.16677784,8.80538011,10.12896591,9.49890108,10.93895374,9.42065592,10.92250793,9.75759300,9.11402522,9.50050685,9.94209289,10.32893666,10.71235339,10.45565458,9.39085353,10.75367448,10.70633614,10.86576227,11.22563979,11.42625325,10.95795251,10.70288740,10.02738774,10.62829471,10.81803201,12.32593148,11.24463084,10.39672487,10.36222708,10.57166932,10.15094046,10.19450618,10.01547426,10.13657286,10.83418578,10.29679865,9.76598766,9.28965983,8.60111644,8.80038497,9.04570224,8.98374059,7.77870702,9.03254953,8.63358714,7.61793846
5.61802888,5.22747391,5.09784782,5.44455116,5.36616084,6.04109483,4.35938027,5.49261425,5.56046544,5.01035802,5.62016122,5.96143839,6.69622481,6.29538841,4.10358943,5.74309715,5.10926423,4.39404703,5.42555485,4.80300197,4.43691870,4.77053019,5.10105875,5.21186613,4.64854586,4.54027607,5.65042165,4.09603185,3.37931793,3.75964073,5.80028636,5.13770653,4.91938877,5.33471023,4.62514624,4.94093271,5.25658962,4.65149026,4.34455995,4.88578897,5.68521379,5.71970967,4.86835644,5.30620226,4.66246963,5.52984167,7.09213276,5.84987177,4.53640507,4.62421096,5.92088468,5.20453184,5.79981950,5.50851596,6.55694286,5.79934431,6.54298215,7.08988349,5.12259480,6.71291580,6.06356496,6.34345149,7.61962296,5.46043556,7.50529182,6.04870098,5.73538532,6.53731381,6.00978951,5.81660463,5.83697528,5.37663442,5.37050314,5.97882951,4.80255957,5.98528867,4.47465573,6.80987396,4.69648745,5.29176922,4.97040384,6.46630909,5.29249132,5.23228853,5.50929198,5.42620703,4.23658915,4.69762715,4.40665874,4.73586923,5.00416175,3.35369816,4.86491424,4.02556796,4.59180937,4.81859913,4.42387775,4.80794954,4.34109323,4.85813770
1.76271954,1.94498835,2.69269804,0.95287386,1.28018751,1.88481071,2.31962967,1.73714661,1.62396135,1.77066694,0.73670740,1.33464841,0.09708446,1.35387702,1.40337990,1.08664685,-0.47947972,2.51840918,2.40544211,1.01088138,1.69461249,0.81823893,0.75922867,1.32397114,0.22851314,2.12717630,1.63684556,0.29176137,0.32065469,0.26839930,1.03764300,1.73484935,0.09640208,2.37571061,1.87577636,0.20628520,1.02952571,2.12464962,0.38343610,1.02132498,0.68819649,1.04971766,0.87869563,1.76235097,1.74008510,2.67570442,-0.51502699,1.16607151,2.76178469,2.11005286,1.77947165,2.08457018,2.08651891,3.40115381,3.52278937,1.32593961,0.33924584,1.31134543,3.42803576,2.68351004,1.44345403,3.28369985,1.67518406,1.01108140,1.99873769,2.46872035,2.97936614,2.29736595,2.18558004,3.40776719,3.21629282,2.81765451,2.12824284,3.43818216,2.90962378,1.87598786,3.32271052,3.82213426,2.65272652,3.41724122,2.51303648,3.23710881,2.74816373,3.14204019,2.75549176,2.55680681,1.24665187,1.80491382,2.00682527,1.04510376,1.49591525,1.34021312,1.70384050,1.66731497,1.71124340,1.41418712,0.31142693,0.13524096,1.03469538,1.42539924
11.32060507,10.94286874,10.94191781,9.91175118,10.99954052,10.26130005,11.01092865,10.64182496,10.57506137,11.80666537,10.30939565,11.74141251,10.87107901,9.61008364,10.31539089,10.08758335,10.57002384,10.08822372,11.59058913,10.61077885,9.90962231,10.14564025,11.01515219,11.26749486,9.10792111,11.00736077,11.94679647,10.72960595,10.46291275,11.53042027,10.38900349,10.21534033,10.40093324,12.04801273,11.37408568,10.89746327,10.78043311,9.75566329,11.22858050,10.92511463,11.95695188,9.73793104,10.26349194,11.79067281,10.84442385,11.16292939,9.95219821,10.00438681,11.25693538,10.31359588,9.63203240,10.20246026,10.31578298,9.79503043,9.30491717,10.74200374,9.57539332,10.31628731,8.55853592,9.07572241,8.79694126,9.95979280,9.96163926,8.95912418,9.87914574,9.98474696,9.97845486,9.57764982,8.67111424,11.15201933,9.43681711,10.32947248,9.86230948,11.18815462,9.47646541,11.46620676,10.79749813,11.07191272,11.12897558,10.88295019,10.97863456,10.31084459,11.56041717,11.39083723,10.65230835,12.05056018,12.06838562,11.74935060,12.61342374,11.18491681,11.22627247,12.36975802,12.69015773,11.71067746,11.72677739,11.77888267,10.18104602,11.67121585,12.19467076,11.09182013
8.59825764,10.16632827,6.15999223,8.01487866,7.65478464,8.93194507,7.61157816,7.43132209,8.12323663,8.99422702,8.96072517,6.93658631,9.48181284,8.98356556,7.32832430,8.47449542,7.69290578,8.76628841,8.19019741,8.54888930,8.28970419,10.58916855,9.64528821,8.59899335,8.14977436,9.35368168,9.16670078,9.27815938,9.20284186,10.72427674,8.98006744,8.84454116,8.73685232,8.94097786,10.10758613,8.93844377,8.81377414,9.56519195,9.38823682,7.78063217,9.82866754,8.89736544,8.10540667,9.79870304,9.78008795,7.77662658,9.09803325,9.10878621,9.46370198,9.00217762,9.18297380,8.54223988,9.22006456,8.65278219,8.67210977,9.44213009,9.18150759,7.61946692,9.03960561,7.17830070,9.14326972,7.95340619,8.08827215,7.02502957,7.74902456,7.68528870,7.99405536,7.86566313,7.86632001,7.93455342,7.51584988,7.05645112,8.18938043,7.89362365,8.78540300,6.47371548,6.86680096,7.71638415,7.25451103,7.35557558,7.65058325,8.26346609,7.92970575,9.10893524,6.61348988,8.42454645,6.60729238,7.65988595,6.31023537,8.18503147,8.74545672,8.29434845,8.34982209,7.95995177,7.38709980,8.35956063,8.64069610,8.87705676,10.39266774,8.94115243
7.54073135,8.17840531,6.64509651,7.65587363,6.49620501,7.35796783,7.72683109,6.42599830,6.85114828,6.61282804,5.86641373,7.20893993,6.75680040,5.50420911,7.96578123,7.03995088,7.84039527,7.36807744,8.39860850,6.85622088,7.29273516,6.89072273,8.44580608,8.86455973,7.30318594,6.72724832,6.50227284,6.58998581,8.64933434,6.57847674,6.90241460,6.25935260,7.31519251,7.53242349,6.39551937,6.68125217,6.51151457,6.61645657,6.13641661,6.27813266,6.44609952,5.06365500,7.58134503,6.20184777,6.54138473,7.02964872,5.46889463,6.50898485,6.74405034,7.14310056,6.47134211,6.39008706,7.21452475,6.66854964,6.64836250,6.08791790,6.90892371,6.24799766,6.83541684,6.70341010,6.92248114,6.85006782,8.16156576,6.73758989,7.33142236,7.27477640,6.97731946,6.79131066,8.70535034,8.21771058,7.75936920,9.09417984,8.55285818,9.26035080,9.12871471,8.41550887,8.77978643,8.90621317,8.65021381,7.56382997,9.54455415,8.90702206,9.05661760,9.87176117,8.06343734,9.34610861,8.21130809,7.94017176,9.47807829,8.57345238,7.97085263,8.68559102,7.89614563,8.37361126,8.05462692,7.34138396,6.56280009,7.33876205,6.93796204,6.58345730
4.91264903,4.63603347,4.30502521,3.51173489,4.12451560,4.27635778,4.87401387,4.53069598,4.22530968,3.95386509,3.10206247,4.04583287,4.89085797,3.40268394,4.91121105,4.89760449,3.87956928,4.90336039,4.66996862,3.51696189,5.13160194,4.61193136,5.15971901,3.74939991,4.66035444,3.93786751,3.23606284,4.53169273,4.59606486,4.78784254,5.23438136,4.47664597,4.93345768,4.31409859,5.11796413,4.74299622,4.96212414,4.80794757,4.92572714,4.87145570,4.79705970,4.48666979,6.08540158,4.88834651,6.85400724,6.11065936,5.43808064,5.14299667,4.71769444,4.72602505,5.26463689,5.09290131,5.48751039,5.53806997,5.04427146,5.61463352,5.86274785,6.38746712,3.35810007,5.07187713,4.15340973,4.13686892,4.57374475,4.53131334,4.74520126,3.18693333,3.70283297,2.56040910,3.77301068,4.21259139,3.94276781,3.11393052,3.30236164,3.45009826,4.08329821,3.35527663,2.48881681,2.26095310,3.04043377,3.18173400,3.42184024,1.70334252,2.93562132,2.85397262,2.53482979,2.79702347,3.40285594,3.33849122,1.29595567,3.58316499,3.27179258,4.04201480,5.39909592,2.75419218,4.23733782,4.50503491,5.28942784,3.57632934,4.64804326,5.33477059
5.13551190,4.44102208,5.24531015,5.87847824,5.25128008,5.98400302,6.65263524,5.97846642,5.09066817,4.64436750,3.81995330,4.27663506,5.14723001,5.55297770,5.75383520,3.83218252,6.56474440,4.55740913,4.76206217,5.69143062,3.58396314,6.71727918,4.64544158,4.89851324,5.13230412,4.45985479,4.41241180,4.73129416,4.61586585,6.00383748,5.25561007,4.54888004,5.55851563,5.77736054,4.75865483,4.33404117,4.09190920,4.26471598,5.37284949,6.31088141,6.15936661,6.05425621,4.68511306,6.60183853,6.10846134,6.39204611,4.95630437,6.39150595,6.65666176,5.68550992,5.72829495,6.43989908,5.03635529,5.54760963,7.35214649,5.14542768,6.48982504,7.33164218,6.92749617,6.38175312,6.75201088,5.07826223,6.50908496,6.22811799,7.06286405,5.72998185,6.97635514,5.36695169,7.18216975,4.57680782,4.43744335,4.83783932,3.79114087,4.04371314,4.38295454,5.70290432,3.14675501,4.80056870,4.74489206,3.01359295,4.36840236,3.52780761,2.94795003,3.86337634,3.81494842,3.57412246,2.36231575,5.33482790,4.11993235,4.08603427,4.40462547,3.02416119,3.95790172,4.35859832,4.23263681,4.96426022,4.88925114,3.89352635,4.81281239,5.02772137
8.01216161,6.30461103,7.16478766,6.52030591,6.49044987,6.34405950,5.94366886,7.31535333,8.39136367,6.29878449,5.93026782,6.40720783,6.08972872,7.94879027,7.18737457,5.64164241,6.17398754,6.99430574,7.38479624,6.91555973,6.19965916,6.64472036,5.83183714,6.83812937,7.01584362,5.24723002,6.27183855,5.28937445,6.37555364,6.10072022,5.05082349,6.19061298,5.94600120,6.49371683,6.44331836,5.27382208,6.64701723,5.70092328,6.22507796,5.43667286,6.84760780,7.20884958,6.19470962,5.78451046,6.63701317,5.50296390,5.89025816,6.86742244,6.69997074,7.15128019,6.42776213,7.04126180,8.55905660,7.75762880,8.08787792,7.44254839,7.20209027,6.74581009,7.97938827,7.81707801,5.86691729,8.15573252,8.80026435,6.97686100,7.23435817,7.43037571,7.75424624,7.18825140,6.67421877,8.13838976,7.45535808,7.45659052,6.96988596,7.48724760,7.74083866,7.18235499,7.14980122,6.17441190,6.46913566,6.78290051,6.79118638,6.76670552,7.87511999,5.92339616,6.74797933,5.80112093,6.64946405,5.98345882,5.38922838,6.77004614,5.51746394,6.03064383,6.10844439,6.23709684,4.96320063,5.56279154,6.90794397,5.81922052,6.49023054,5.11724951
8.04474814,8.59764539,7.81189326,7.80405712,8.03348442,8.58132542,7.52763438,8.19172552,7.96599023,9.45147717,8.30507100,9.45087346,8.31142196,8.05955664,8.45454866,9.02790395,8.80217118,7.27312099,7.80039466,8.17867409,7.84037444,9.02632064,8.98062965,8.17750225,9.18243223,9.35213026,7.79884467,8.00003381,8.60038419,6.76052768,8.41941450,6.38322882,8.69911528,8.37472369,7.49422610,6.76250665,7.74555918,6.54350678,7.65708190,7.71581962,8.86011768,9.35950595,7.99471824,7.97534499,7.86716133,7.73662245,6.92685999,8.29035944,7.16801094,7.95621343,8.65333418,9.01047989,8.69959985,9.19322564,7.60816492,8.20811769,7.62856696,7.73139588,8.73516835,8.47323794,9.66407042,9.83218348,9.81355906,9.40984130,9.72188321,10.05752083,8.68120486,10.36588268,10.38863970,10.87773440,10.19197234,9.57287140,9.47778086,9.04974978,9.78772506,9.39452309,9.42601595,9.90754634,10.67652944,9.64952738,10.61949049,9.18900288,9.76720223,9.30476386,8.86338023,10.14187542,9.98508623,9.59190349,9.30528550,8.54999441,9.58662273,9.03330489,7.41059273,8.60430022,9.11763815,8.49542973,8.01664125,7.73331015,8.33370400,7.13893528
5.19946492,4.05595383,3.73983749,3.92905083,4.85610680,4.65604995,3.48798609,4.78538355,3.71499858,3.87084198,4.98467506,3.25746581,4.56623457,3.21282421,4.10943850,3.68867694,2.36757602,3.15401778,4.97964358,4.08431657,4.90010690,4.37100272,4.78591542,3.41799461,5.10270363,4.54302724,4.56856145,4.51216134,5.84638974,4.48108718,5.19950593,5.00671718,4.98844992,4.21250941,4.31345950,5.41798226,3.21862306,5.57903051,3.75758051,5.45733640,5.89745444,4.59625587,4.92088649,4.73116568,4.99242158,3.76900122,3.76382653,4.56102446,4.77825777,4.71355133,4.25454551,3.61266701,4.28388292,3.71072690,5.00114593,4.25804781,3.94991584,3.94688378,4.16904391,4.02276029,2.94383029,3.86514904,4.38116122,3.01879715,3.45060828,4.64939309,3.88688147,2.79006727,2.14467925,3.30785102,2.67609097,2.36570088,3.12551492,2.69109717,3.54445420,2.05687047,3.08065133,2.28821282,1.92649969,2.62829302,2.10406240,3.49910882,2.75169170,3.98085901,2.53501251,4.00018288,3.53970850,3.22162135,3.21456977,3.16529173,3.23341226,3.13864608,4.55985156,4.54130606,4.93169671,4.96863879,4.47572652,5.04307163,5.05295967,4.83846701
7.37202169,7.73959742,9.13812026,6.90089277,7.73217755,8.66053104,7.44493789,8.47809218,8.09740775,8.08227899,7.04880792,8.40776384,8.59766006,7.71793583,8.82226737,7.49014614,7.03862387,7.27462055,6.39438272,7.59669822,7.54831775,7.95315355,7.15212813,8.46599423,7.77390920,7.94555198,7.96615923,8.29229079,7.29605459,9.70385834,8.04299743,8.82909656,7.58065457,7.43130432,8.31455413,7.48227576,7.87845694,7.61123236,7.73030687,6.87769843,7.23593508,7.26932192,8.48817360,4.77384091,7.11853973,7.90175658,8.25304584,6.56806913,6.75083539,7.01260657,7.64479719,7.02095392,7.44405081,7.22484986,7.17166457,6.93468844,6.58024327,7.26751709,6.55643084,7.80221699,7.54457302,7.60328915,9.07073913,7.72884934,8.41711508,7.98175477,6.44584509,8.78356810,8.48749052,8.28260072,8.98338803,9.31700758,8.96039796,9.85751465,9.51521423,9.45886405,10.33603860,8.92083155,8.23538209,9.50685079,10.19951398,9.55861199,9.90106159,9.64474578,10.94855441,11.66216396,10.15727611,9.16020051,9.01094417,8.12698991,9.91224192,8.70788009,7.99829660,8.55592894,7.55881306,7.68054611,9.01896528,6.81137895,8.71744436,8.14124044
6.08357084,5.02259336,6.82236984,6.95954848,6.64387161,7.41114370,5.45631636,7.34397236,7.55359473,6.57065178,5.54764243,7.44842426,6.56833979,5.87470558,7.63386781,6.82752266,6.57204141,7.49490874,7.25911730,5.68748231,6.16016233,5.66835481,7.30839504,6.71747507,6.14623935,6.23192120,6.88347720,6.01762070,6.13631308,5.79933745,5.91305438,6.40175996,6.08778624,6.84957703,6.48662195,6.02736799,5.33109954,7.01061146,6.47876496,6.60431703,7.82568020,7.05689001,7.75277189,7.61770262,7.93879957,7.73901878,8.37595752,6.52218260,7.59083365,8.04179402,7.24022672,7.86200093,6.73126479,7.72355212,7.51208236,7.20610662,8.13012853,7.43955798,7.64573111,6.59644315,8.12052046,7.99433242,7.33488189,6.92676753,7.30081858,6.82734113,6.01982936,6.56948885,6.72978202,7.35483650,6.50206296,8.50796532,5.32515023,6.52825538,5.10801830,5.02758882,5.65682806,5.97767517,3.46609583,5.54932115,5.17250011,4.77994923,4.99283531,3.82865876,4.19902202,5.88435517,4.61661266,5.67180689,4.81929166,6.12537836,5.21131165,4.89163246,5.35668494,5.59788909,6.53233203,6.62772154,7.66765734,7.41013179,6.25222424,6.88984819
11.93919487,11.79276912,11.86373507,11.81100828,11.21176108,12.65824065,11.62793155,11.49613895,10.74064702,11.42196947,10.61991945,12.10426261,12.41479910,11.23259962,12.15438774,11.31901865,11.40738332,11.43472518,11.19234043,12.32329114,11.57545532,11.93437147,11.75996957,11.62323972,11.18153097,10.81418500,11.01569774,10.15530176,11.17605547,10.11499558,10.41983644,10.64432435,12.74213691,10.04956711,10.75913055,10.43384191,10.75688063,11.01220139,10.40922360,10.46170625,10.24206071,11.66992414,10.48797137,9.50351018,10.01631653,10.74455294,11.28108363,12.55465076,11.32148817,10.99137116,11.35363319,10.70995427,12.10964695,12.01632049,12.23625784,12.30619166,12.90648972,12.55410960,12.65577385,13.90412648,12.44901602,13.12455591,13.07638282,12.33367782,11.12036234,11.60334419,12.23179017,13.04101639,14.31621377,12.35623650,12.27051721,12.22099323,12.60569472,13.23204785,12.69952313,12.92461416,13.37872060,11.93812672,13.37294335,12.01838483,12.01834272,12.32420222,12.20570506,11.12824227,11.73375495,12.28995837,12.67802086,12.83692958,11.73365923,9.80327248,11.26006405,11.14110233,11.77504225,11.11153304,11.09375722,12.17425048,11.06806713,11.16817951,10.29688705,11.91790381
9.73267210,7.77422965,10.12487428,9.86106514,8.73582564,8.65681673,10.13545236,8.90880684,10.16799883,9.88356502,9.02592156,10.17675062,9.47146616,9.82520463,10.59799979,10.29013830,10.16610136,10.80162614,9.01407430,9.49178120,9.03772258,9.93834643,9.66935688,8.43633800,10.36547152,9.54924558,9.18710711,9.44283627,8.72728551,7.66493226,10.33576635,8.89257271,10.11680606,9.57336588,8.93869794,9.52335707,9.38674746,8.46757492,9.17624571,8.82993219,8.20809485,8.64107723,8.99599297,9.77572816,8.58043460,7.64209892,8.02406425,8.67278801,7.66608627,7.91752227,8.06280259,7.72535989,8.56288165,9.79924558,8.18953976,9.93171793,8.82617649,9.45342160,9.16791035,7.55675743,9.77188186,9.81303656,8.22546314,11.38657064,10.41110848,9.38052171,8.73718293,10.05522555,11.44576822,10.57004471,10.52633438,10.64537728,11.10223674,13.18667912,11.79136650,12.48993316,11.59225872,12.61397156,10.88492714,10.53289385,11.20943591,11.33179542,11.88971399,11.72781977,10.29115867,11.14642949,10.87034998,12.06622380,10.62919141,11.27160651,11.29712770,10.21667170,9.24126793,9.84917196,10.92101009,9.85057268,10.10587997,8.98644699,9.53122951,8.90487724
6.36246340,4.91907767,3.93648922,5.00955875,3.68001972,3.87599421,4.14493825,3.79147662,4.95775188,3.88106583,3.50602476,3.52300923,4.71770310,4.33716964,4.28593012,4.20567154,4.56042057,5.07359585,3.99406067,4.78774144,5.04479569,4.10396984,5.27600320,4.74295719,4.24913828,5.12379883,4.06585203,3.57057660,5.73200628,4.45106260,5.74129673,4.68418870,4.57673260,5.53398039,4.21156752,6.02052941,6.08723889,6.23821212,3.93473109,5.56246014,5.28105813,6.01788139,6.85306461,5.36865515,5.25522853,6.72920529,4.71894530,5.76893014,4.71436134,6.03367856,6.33646171,6.90075447,6.04628706,4.84006713,4.84953018,4.83179445,5.14573082,4.86822395,4.19160475,3.55075660,4.74165934,5.86865821,4.17333599,5.16044165,4.62603174,4.57014582,4.02399520,4.51118529,3.27270953,3.08874297,3.32926482,2.56553039,3.63778890,4.09034370,3.02092286,3.11112919,3.18915252,1.21007612,2.68428813,2.46609220,2.06500549,3.07850858,2.74901167,3.19158608,2.77328771,1.72714150,3.73182055,2.98024167,3.76460658,3.00319595,3.17861046,3.19133939,3.70700062,3.61991697,4.74684860,4.77275794,4.25740172,4.27337639,3.70919972,5.12048460
3.83980340,4.12055163,4.08737984,4.05354974,4.11913575,4.93758582,3.65639989,3.72347421,4.20719748,4.68846158,3.59490116,4.18006573,4.80055549,4.54456668,3.91885899,4.03703923,4.28783236,4.51727818,3.01458787,4.06507359,3.37484817,4.04237502,4.28097223,3.49174065,4.66077429,3.56469688,3.87746705,4.54131817,2.42778743,5.16437830,2.40296016,3.54043584,4.05461204,3.46530655,2.81949163,3.04927781,3.01046019,2.98029364,3.48269402,4.79240502,3.56827464,5.51348561,4.70509741,3.47268500,4.02434994,4.54629981,4.34217319,3.11691881,4.96834324,4.39770864,4.87223409,4.53681471,4.47339612,5.26513452,4.48479893,4.80601598,5.07551857,3.95320563,4.54517188,5.40771905,4.12657587,5.83938809,4.52410238,5.46225990,3.51400274,6.06330155,4.47733193,5.64723824,6.52089262,5.69945587,4.09342717,5.15444477,4.82409116,5.12471995,5.11161155,4.29039900,4.54790959,4.21134331,5.43418441,3.67482254,5.19826556,5.47902536,4.34278747,4.30180519,5.17468588,4.77547747,5.85362234,3.56511981,5.17845819,4.48541679,2.56938390,3.78627860,3.20992622,3.31465868,3.73567773,2.93396022,2.98411273,3.10112037,3.78039011,4.14547872
5.60764129,4.98107351,4.31898844,5.60155214,3.66596802,4.71811980,3.11123917,4.10868315,5.56317157,3.30529729,3.81010498,5.01087858,4.31350931,4.84105369,3.91413516,4.14662361,5.11807876,5.70153080,4.91699988,4.28861639,4.69489476,5.22830509,5.91257256,5.72533506,6.63065373,5.08740715,6.68055734,6.02722465,3.64688799,5.10125621,6.42927311,5.54382101,5.86541442,5.72538684,5.29168409,5.56568974,5.53222813,4.81475413,5.92088445,6.28031699,6.33985938,6.08308374,5.59061136,5.92947396,5.47348172,3.89424931,4.51245749,6.26480376,5.61938616,5.62729880,4.24954711,5.24605515,4.08049302,4.97694151,4.53188641,3.45044305,5.72893957,5.55650544,3.40222030,4.16148969,5.55332336,5.23514644,4.89467261,3.86053831,4.10195314,4.01172499,4.32048826,4.89986545,4.84656520,3.74282595,4.13257788,3.39680804,3.44544938,2.95164832,5.54190691,3.22292949,4.77230554,4.48004443,4.71708003,4.26241586,5.40350296,5.61737012,6.22010769,5.51281693,6.42496604,4.62122045,5.33732658,6.09541844,5.38692918,5.17449003,5.92737207,5.33622185,5.75936520,5.69342565,6.18213671,4.63398912,6.05819201,6.04445582,4.88741108,5.56707871
5.67306462,4.01540221,4.83095613,4.51007146,4.41751028,4.76380636,3.75022816,4.30801686,3.85182107,4.53702085,3.97996392,5.54917632,3.73617543,3.99573166,4.14970296,3.73765950,4.50179901,4.24247091,4.81652630,3.53949433,4.53272909,4.51131010,5.09457157,3.87747690,4.39930922,5.08931488,4.77842723,3.88187436,3.94466877,3.90447576,3.91063358,4.56476924,3.91086121,4.73924527,3.96186422,3.88275300,6.24493590,3.50675904,2.74674400,4.88097238,5.05385939,4.28621905,4.53904315,3.73860233,3.75078687,3.78761630,4.10931705,3.23539083,3.61228103,3.73905113,4.08288018,4.66862605,3.03167180,4.16463777,4.47609903,5.10775132,3.47347891,5.61667500,4.63464354,4.80592226,4.19654069,3.64073924,4.77666193,4.33742095,4.24327928,4.65821304,4.99038855,5.28364617,4.39139200,4.82207182,6.53331421,6.41107883,5.76490814,6.60800392,5.59207447,6.26048902,6.72222867,7.01276680,5.63271220,5.31835830,6.35911752,6.70644037,6.42196226,6.21815763,6.28671644,7.12181126,6.61884500,5.05819192,7.03569750,6.70535842,7.63474911,5.24487938,6.71152024,4.75449334,4.05751220,5.26703923,5.06079136,4.80902214,3.45837144,4.51335861
3.11798862,2.47735284,3.97199770,4.34966079,2.83460249,3.90975163,2.31682467,3.00386507,2.67312744,2.55295408,4.22131496,2.88733213,1.99715362,3.86578506,3.56802994,2.85322838,3.08680955,2.97043932,2.45345312,4.01828481,3.15494192,3.06807800,3.70697482,4.08016634,4.21810944,3.04376365,4.51875259,3.26546762,2.65476192,3.42824888,4.61980338,3.26959323,4.49315596,3.33588127,4.86843954,4.23215824,3.55383548,3.64962870,3.63188115,4.01986530,4.00925774,3.27202167,2.94940987,3.66055810,4.11213439,3.71829536,3.12990153,3.53807007,3.41018443,3.24735758,3.68046415,3.98317155,2.58579134,4.52337796,3.79387155,2.68039505,1.17760328,3.71753842,2.48531081,2.26403931,2.41812398,1.61178951,3.39448750,3.58026872,2.31625555,1.82770154,0.63637734,3.41838529,3.08729902,1.39541923,2.18944540,1.47113769,1.59576382,1.98439783,2.46901770,2.07770049,2.04076293,3.11733096,2.37399600,2.24644159,1.66463411,1.85824987,1.57167781,2.96065519,3.32842126,2.71684181,1.19173210,1.12207486,2.96782877,3.78962134,3.08240196,3.51987239,4.16812779,3.70789796,2.99899046,3.26196804,2.93835860,3.54703986,3.51872477,4.17120453
